{"epoch": [1, 2, 3, 4, 5, 6, 7, 8, 9, 10, 11, 12, 13, 14, 15, 16, 17, 18, 19, 20, 21, 22, 23, 24, 25, 26, 27, 28, 29, 30], "train_loss": [6.932287729547379, 6.8169211509379934, 6.804995033588815, 6.801629577799046, 6.799908556836717, 6.798648464933355, 6.797268492110232, 6.796736703020461, 6.796105474106809, 6.795628675501398, 6.79519537661938, 6.794851211791343, 6.794716557036055, 6.7946561529281295, 6.7939534938081785, 6.794122413878745, 6.794016886771994, 6.793230324603142, 6.793328766112632, 6.793202649786117, 6.792642126692102, 6.792642226117723, 6.793084057341231, 6.792896644105302, 6.792692070818962, 6.792666745693126, 6.79225289567988, 6.792221341234573, 6.792148383120273, 6.7917737534705624], "valid_loss": [6.840775728225708, 6.817586898803711, 6.817358553409576, 6.813100039958954, 6.809661149978638, 6.808746576309204, 6.807874143123627, 6.80865740776062, 6.8090739250183105, 6.811968505382538, 6.808090031147003, 6.806203067302704, 6.80984491109848, 6.808137476444244, 6.807970404624939, 6.806122839450836, 6.8049052357673645, 6.806645572185516, 6.8067866563797, 6.8058284521102905, 6.807272017002106, 6.807781398296356, 6.805717647075653, 6.807914316654205, 6.805626571178436, 6.805484235286713, 6.805841386318207, 6.80694854259491, 6.805672585964203, 6.807325482368469], "lr": [0.0005, 0.0005, 0.0005, 0.0005, 0.0005, 0.0005, 0.0005, 0.0005, 0.0005, 0.0005, 0.0005, 0.0005, 0.0005, 0.0005, 0.0005, 0.0005, 0.0005, 0.0005, 0.0005, 0.0005, 0.0005, 0.0005, 0.0005, 0.0005, 0.0005, 0.0005, 0.0005, 0.0005, 0.0005, 0.0005], "train_time": ["170min 58sec"], "train_ppl": [1024.84, 913.17, 902.34, 899.31, 897.77, 896.63, 895.4, 894.92, 894.36, 893.93, 893.54, 893.24, 893.12, 893.06, 892.43, 892.59, 892.49, 891.79, 891.88, 891.77, 891.27, 891.27, 891.66, 891.49, 891.31, 891.29, 890.92, 890.89, 890.83, 890.49], "valid_ppl": [935.21, 913.78, 913.57, 909.69, 906.56, 905.73, 904.94, 905.65, 906.03, 908.66, 905.14, 903.43, 906.73, 905.18, 905.03, 903.36, 902.26, 903.83, 903.96, 903.1, 904.4, 904.86, 903.0, 904.98, 902.91, 902.78, 903.11, 904.11, 902.95, 904.45]}