{"epoch": [1, 2, 3, 4, 5, 6, 7, 8, 9, 10, 11, 12, 13, 14, 15, 16, 17, 18, 19, 20, 21, 22, 23, 24, 25, 26, 27, 28, 29, 30], "train_loss": [6.316166241263503, 6.205258768560602, 6.198578080416776, 6.195368405480742, 6.192485214855178, 6.191171154576776, 6.19017866949678, 6.1886759749593185, 6.18817095399428, 6.187732507478823, 6.18679696347745, 6.186421885889533, 6.185818592357215, 6.185766659119055, 6.185530885200668, 6.1852202352448185, 6.1851365429714384, 6.184592238606861, 6.184376069627669, 6.1843712550427945, 6.184211403262773, 6.183728925982236, 6.183662527983409, 6.183289593011797, 6.183261745301637, 6.1833969422899155, 6.183639629296795, 6.183035575345749, 6.182691038442603, 6.182340857215915], "valid_loss": [6.241411089897156, 6.228016555309296, 6.2292885184288025, 6.226750016212463, 6.226525962352753, 6.221178650856018, 6.221922516822815, 6.225911259651184, 6.221044719219208, 6.22244518995285, 6.222827315330505, 6.220621943473816, 6.222010135650635, 6.2184197306633, 6.220678925514221, 6.223512828350067, 6.218782424926758, 6.219025433063507, 6.218378484249115, 6.218383431434631, 6.220408916473389, 6.221399247646332, 6.219150364398956, 6.218225121498108, 6.221413195133209, 6.218966364860535, 6.217689573764801, 6.216750144958496, 6.21725070476532, 6.216465592384338], "lr": [0.0005, 0.0005, 0.0005, 0.0005, 0.0005, 0.0005, 0.0005, 0.0005, 0.0005, 0.0005, 0.0005, 0.0005, 0.0005, 0.0005, 0.0005, 0.0005, 0.0005, 0.0005, 0.0005, 0.0005, 0.0005, 0.0005, 0.0005, 0.0005, 0.0005, 0.0005, 0.0005, 0.0005, 0.0005, 0.0005], "train_time": ["17min 20sec"], "train_ppl": [553.45, 495.35, 492.05, 490.47, 489.06, 488.42, 487.93, 487.2, 486.95, 486.74, 486.29, 486.1, 485.81, 485.79, 485.67, 485.52, 485.48, 485.22, 485.11, 485.11, 485.03, 484.8, 484.76, 484.58, 484.57, 484.64, 484.75, 484.46, 484.29, 484.12], "valid_ppl": [513.58, 506.75, 507.39, 506.11, 505.99, 503.3, 503.67, 505.68, 503.23, 503.93, 504.13, 503.02, 503.71, 501.91, 503.04, 504.47, 502.09, 502.21, 501.89, 501.89, 502.91, 503.41, 502.28, 501.81, 503.41, 502.18, 501.54, 501.07, 501.32, 500.93]}