{"epoch": [1, 2, 3, 4, 5, 6, 7, 8, 9, 10, 11, 12, 13, 14, 15, 16, 17, 18, 19, 20, 21, 22, 23, 24, 25, 26, 27, 28, 29, 30], "train_loss": [8.797181060466361, 5.54715424801441, 4.524152396587615, 4.138316303618411, 3.889322985994055, 3.6753312141337293, 3.5781211010953213, 3.4766981662587915, 3.3626639071931232, 3.2378643664907902, 3.0916942454398946, 3.0065354702320506, 2.960889693523975, 2.915474797309713, 2.8578902975041816, 2.7655857481855026, 2.7121717077620486, 2.692629629500369, 2.6713617578465887, 2.648078812944128, 2.577445288921924, 2.5488274503261485, 2.538180405028323, 2.529173587230926, 2.516888810218649, 2.4645369205069034, 2.4479362366047313, 2.4431863886244756, 2.437986247082974, 2.429998907129815], "valid_loss": [8.812531471252441, 4.8095614314079285, 4.229691207408905, 3.9325255751609802, 3.677371174097061, 3.679606020450592, 3.507967919111252, 3.376711815595627, 3.262123852968216, 3.137060433626175, 3.138007551431656, 3.0228983759880066, 2.966866582632065, 2.9180498123168945, 2.879373699426651, 2.8689778447151184, 2.8195161521434784, 2.7974872291088104, 2.7925079464912415, 2.7676358819007874, 2.767680197954178, 2.729785293340683, 2.718008905649185, 2.705903023481369, 2.7020653188228607, 2.696987509727478, 2.6751790046691895, 2.6679677963256836, 2.6617207527160645, 2.6498185992240906], "lr": [0.0002000008, 0.00040000060000000006, 0.0006000004000000001, 0.0008000002000000001, 1e-09, 0.0001400008, 0.0002800006, 0.00042000040000000005, 0.0005600002, 1e-09, 9.80008e-05, 0.00019600059999999998, 0.00029400039999999996, 0.0003920002, 1e-09, 6.860079999999999e-05, 0.00013720059999999996, 0.00020580039999999996, 0.00027440019999999996, 1e-09, 4.802079999999999e-05, 9.604059999999998e-05, 0.00014406039999999997, 0.00019208019999999995, 1e-09, 3.3614799999999995e-05, 6.722859999999999e-05, 0.00010084239999999998, 0.00013445619999999996, 1e-09], "train_time": ["15min 54sec"], "train_ppl": [6615.57, 256.51, 92.22, 62.7, 48.88, 39.46, 35.81, 32.35, 28.87, 25.48, 22.01, 20.22, 19.32, 18.46, 17.42, 15.89, 15.06, 14.77, 14.46, 14.13, 13.16, 12.79, 12.66, 12.54, 12.39, 11.76, 11.56, 11.51, 11.45, 11.36], "valid_ppl": [6717.9, 122.68, 68.7, 51.04, 39.54, 39.63, 33.38, 29.27, 26.1, 23.04, 23.06, 20.55, 19.43, 18.51, 17.8, 17.62, 16.77, 16.4, 16.32, 15.92, 15.92, 15.33, 15.15, 14.97, 14.91, 14.83, 14.51, 14.41, 14.32, 14.15]}