{"epoch": [1, 2, 3, 4, 5, 6, 7, 8, 9, 10, 11, 12, 13, 14, 15, 16, 17, 18, 19, 20, 21, 22, 23, 24, 25, 26, 27, 28, 29, 30], "train_loss": [6.008635766455468, 4.8586195337011455, 4.610946421927594, 4.490456743443266, 4.440767763016072, 4.430513225717747, 4.424698519199453, 4.391492340412546, 4.322997267702792, 4.231318701074478, 4.136195951827029, 4.034902536108139, 3.9422095319058035, 3.882677921335748, 3.8554008098358805, 3.846162965449881, 3.844909045036803, 3.832195909987105, 3.7973519944130105, 3.74327581994077, 3.674789223772414, 3.606618117271586, 3.5478358573101936, 3.503172331667961, 3.480737738913678, 3.474767298394061, 3.4747359448290887, 3.469096202038704, 3.450538254798727, 3.4166925531752566], "valid_loss": [5.019772946834564, 4.6446951031684875, 4.468101859092712, 4.389530658721924, 4.373541057109833, 4.36940735578537, 4.350956678390503, 4.296301960945129, 4.209230124950409, 4.1200509667396545, 4.017413169145584, 3.9110729694366455, 3.832840770483017, 3.800393432378769, 3.789600372314453, 3.7920289039611816, 3.776289790868759, 3.753959685564041, 3.694419503211975, 3.6378258168697357, 3.5683180391788483, 3.5125559866428375, 3.4653010964393616, 3.445998936891556, 3.431693881750107, 3.4338685870170593, 3.426905333995819, 3.4087935984134674, 3.379806727170944, 3.3474142253398895], "lr": [9.045094521025019e-05, 6.545119521025018e-05, 3.454980478974981e-05, 9.550054789749818e-06, 1e-09, 9.550054789749816e-06, 3.4549804789749834e-05, 6.545119521025022e-05, 9.045094521025024e-05, 0.00010000000000000006, 9.045094521025027e-05, 6.545119521025023e-05, 3.4549804789749854e-05, 9.550054789749831e-06, 1e-09, 9.550054789749816e-06, 3.454980478974984e-05, 6.545119521025025e-05, 9.045094521025028e-05, 0.00010000000000000014, 9.045094521025032e-05, 6.54511952102504e-05, 3.4549804789749895e-05, 9.550054789749847e-06, 1e-09, 9.550054789749816e-06, 3.454980478974985e-05, 6.545119521025027e-05, 9.045094521025034e-05, 0.0001000000000000002], "train_time": ["15min 54sec"], "train_ppl": [406.93, 128.85, 100.58, 89.16, 84.84, 83.97, 83.49, 80.76, 75.41, 68.81, 62.56, 56.54, 51.53, 48.55, 47.25, 46.81, 46.75, 46.16, 44.58, 42.24, 39.44, 36.84, 34.74, 33.22, 32.48, 32.29, 32.29, 32.11, 31.52, 30.47], "valid_ppl": [151.38, 104.03, 87.19, 80.6, 79.32, 79.0, 77.55, 73.43, 67.3, 61.56, 55.56, 49.95, 46.19, 44.72, 44.24, 44.35, 43.65, 42.69, 40.22, 38.01, 35.46, 33.53, 31.99, 31.37, 30.93, 31.0, 30.78, 30.23, 29.37, 28.43]}