{"epoch": [1, 2, 3, 4, 5, 6, 7, 8, 9, 10, 11, 12, 13, 14, 15, 16, 17, 18, 19, 20, 21, 22, 23, 24, 25, 26, 27, 28, 29, 30], "train_loss": [5.208748255384729, 4.35667337255275, 4.055661646863247, 3.87249887344685, 3.722603092802332, 3.5277699835756993, 3.3327284305653673, 3.1622461045041996, 3.012512248627683, 2.8901748839845047, 2.783264538582335, 2.693892366328138, 2.6098659221162186, 2.539493947333478, 2.479169854711979, 2.4238748925797484, 2.371446138747195, 2.3240832308505444, 2.2844409688990166, 2.2435814674864423, 2.2077380018031345, 2.176747911534411, 2.1421742363178984, 2.1156182994233803, 2.0842658742945246, 2.059286083059108, 2.0332825975215183, 2.0095803889822452, 1.9881501451451729, 1.9628074082922429], "valid_loss": [4.54231584072113, 4.103765189647675, 3.8932507634162903, 3.759888857603073, 3.595773696899414, 3.398835062980652, 3.2224606573581696, 3.0712257027626038, 2.967568188905716, 2.889119863510132, 2.8211174607276917, 2.7499140799045563, 2.7169030606746674, 2.6733798682689667, 2.6531181037425995, 2.6160713136196136, 2.6020354330539703, 2.583350569009781, 2.5634374916553497, 2.5670200884342194, 2.5515924394130707, 2.548123002052307, 2.550663322210312, 2.560381144285202, 2.532468229532242, 2.535007566213608, 2.5501068234443665, 2.532864570617676, 2.5343101620674133, 2.528264105319977], "lr": [0.0005, 0.0005, 0.0005, 0.0005, 0.0005, 0.0005, 0.0005, 0.0005, 0.0005, 0.0005, 0.0005, 0.0005, 0.0005, 0.0005, 0.0005, 0.0005, 0.0005, 0.0005, 0.0005, 0.0005, 0.0005, 0.0005, 0.0005, 0.0005, 0.0005, 0.0005, 0.0005, 0.0005, 0.0005, 0.0005], "train_time": ["15min 52sec"], "train_ppl": [182.87, 78.0, 57.72, 48.06, 41.37, 34.05, 28.01, 23.62, 20.34, 18.0, 16.17, 14.79, 13.6, 12.67, 11.93, 11.29, 10.71, 10.22, 9.82, 9.43, 9.1, 8.82, 8.52, 8.29, 8.04, 7.84, 7.64, 7.46, 7.3, 7.12], "valid_ppl": [93.91, 60.57, 49.07, 42.94, 36.44, 29.93, 25.09, 21.57, 19.44, 17.98, 16.8, 15.64, 15.13, 14.49, 14.2, 13.68, 13.49, 13.24, 12.98, 13.03, 12.83, 12.78, 12.82, 12.94, 12.58, 12.62, 12.81, 12.59, 12.61, 12.53]}