{"epoch": [1, 2, 3, 4, 5, 6, 7, 8, 9, 10, 11, 12, 13, 14, 15, 16, 17, 18, 19, 20, 21, 22, 23, 24, 25, 26, 27, 28, 29, 30], "train_loss": [5.514860753810152, 5.437431300954616, 5.430002147593397, 5.426358525296475, 5.426440865942772, 5.421585427953842, 5.4050617380345125, 5.287641955436544, 5.248696359674981, 5.231278025850337, 5.220345596556968, 5.2124954751197325, 5.197929741473908, 5.189477579644386, 5.187617480501215, 5.189343158234942, 5.1795566518256, 5.168162930265386, 5.151547561807836, 5.115628725417117, 5.038262687845433, 5.007223602051431, 4.991071315521889, 4.9759321496841755, 4.962301085857635, 4.948007672898313, 4.9327171731502455, 4.920363276055519, 4.910286122180046, 4.902826591248208], "valid_loss": [5.418731927871704, 5.4097437262535095, 5.409071207046509, 5.4059417843818665, 5.403377532958984, 5.403420984745026, 6.082647502422333, 5.586262226104736, 6.7663819789886475, 7.173520624637604, 6.39940482378006, 6.496768355369568, 6.583843171596527, 6.3635061383247375, 6.516980707645416, 6.444824159145355, 6.5191832184791565, 6.908554434776306, 6.723997235298157, 6.403999865055084, 5.893020808696747, 6.567198276519775, 5.88583767414093, 6.254286050796509, 6.765065968036652, 6.497741162776947, 7.6428855657577515, 6.77934342622757, 6.507514119148254, 6.463340580463409], "lr": [0.0018000000000000002, 0.0016200000000000001, 0.001458, 0.0013122000000000001, 0.00118098, 0.001062882, 0.0009565938, 0.00086093442, 0.000774840978, 0.0006973568802, 0.0006276211921800001, 0.0005648590729620001, 0.0005083731656658001, 0.0004575358490992201, 0.0004117822641892981, 0.00037060403777036834, 0.0003335436339933315, 0.0003001892705939984, 0.0002701703435345986, 0.00024315330918113872, 0.00021883797826302486, 0.00019695418043672237, 0.00017725876239305013, 0.00015953288615374513, 0.0001435795975383706, 0.00012922163778453355, 0.0001162994740060802, 0.00010466952660547218, 9.420257394492497e-05, 8.478231655043248e-05], "train_time": ["15min 47sec"], "train_ppl": [248.36, 229.85, 228.15, 227.32, 227.34, 226.24, 222.53, 197.88, 190.32, 187.03, 185.0, 183.55, 180.9, 179.37, 179.04, 179.35, 177.6, 175.59, 172.7, 166.61, 154.2, 149.49, 147.09, 144.88, 142.92, 140.89, 138.76, 137.05, 135.68, 134.67], "valid_ppl": [225.59, 223.57, 223.42, 222.73, 222.16, 222.17, 438.19, 266.74, 868.17, 1304.43, 601.49, 663.0, 723.31, 580.28, 676.53, 629.44, 678.02, 1000.8, 832.14, 604.26, 362.5, 711.37, 359.9, 520.24, 867.02, 663.64, 2085.75, 879.49, 670.16, 641.2]}