{"epoch": [1, 2, 3, 4, 5, 6, 7, 8, 9, 10, 11, 12, 13, 14, 15, 16, 17, 18, 19, 20, 21, 22, 23, 24, 25, 26, 27, 28, 29, 30], "train_loss": [5.517414900597106, 5.4387418097638065, 5.432818980927163, 5.42940953843137, 5.4175216451604316, 5.315810173115832, 5.288494937977893, 5.278774665264373, 5.273260047587943, 5.270541282410317, 5.266229962288065, 5.2586932019984465, 5.241626530505242, 5.231475221349838, 5.209432054073252, 5.194174985682711, 5.18518565360536, 5.178023165844857, 5.171352153128766, 5.165909840198274, 5.156549051974682, 5.152767522284325, 5.148838850792418, 5.143230028355375, 5.142214923209332, 5.135401526917803, 5.132884725611261, 5.130333788851474, 5.12766516259376, 5.125561908965415], "valid_loss": [5.420610308647156, 5.41264796257019, 5.411350965499878, 5.411509692668915, 5.431525349617004, 6.116381764411926, 7.364710450172424, 6.4526063203811646, 6.94788271188736, 6.471018075942993, 6.245930910110474, 6.35676771402359, 5.806826651096344, 6.611062049865723, 7.791298925876617, 7.078167796134949, 7.541893184185028, 7.226155579090118, 7.885689556598663, 7.570672631263733, 7.853881537914276, 8.159138560295105, 7.92290872335434, 8.022152364253998, 8.043836534023285, 8.176892936229706, 8.142564058303833, 8.091985762119293, 8.293153405189514, 8.27348268032074], "lr": [0.002, 0.002, 0.002, 0.002, 0.0014, 0.0014, 0.0014, 0.0014, 0.0014, 0.00098, 0.00098, 0.00098, 0.00098, 0.00098, 0.000686, 0.000686, 0.000686, 0.000686, 0.000686, 0.00048019999999999996, 0.00048019999999999996, 0.00048019999999999996, 0.00048019999999999996, 0.00048019999999999996, 0.00033613999999999996, 0.00033613999999999996, 0.00033613999999999996, 0.00033613999999999996, 0.00033613999999999996, 0.00023529799999999997], "train_time": ["15min 48sec"], "train_ppl": [248.99, 230.15, 228.79, 228.01, 225.32, 203.53, 198.05, 196.13, 195.05, 194.52, 193.68, 192.23, 188.98, 187.07, 182.99, 180.22, 178.61, 177.33, 176.15, 175.2, 173.56, 172.91, 172.23, 171.27, 171.09, 169.93, 169.51, 169.07, 168.62, 168.27], "valid_ppl": [226.02, 224.22, 223.93, 223.97, 228.5, 453.22, 1579.26, 634.35, 1040.94, 646.14, 515.91, 576.38, 332.56, 743.27, 2419.46, 1185.79, 1885.4, 1374.93, 2658.96, 1940.45, 2575.71, 3495.17, 2759.79, 3047.73, 3114.54, 3557.78, 3437.72, 3268.17, 3996.42, 3918.57]}