{"epoch": [1, 2, 3, 4, 5, 6, 7, 8, 9, 10, 11, 12, 13, 14, 15, 16, 17, 18, 19, 20, 21, 22, 23, 24, 25, 26, 27, 28, 29, 30], "train_loss": [6.442226517454107, 6.349675618841293, 6.3439088131519075, 6.341322468696757, 6.338941746569694, 6.337523342700715, 6.336229665228661, 6.335321598864616, 6.3349202927122725, 6.334509737948154, 6.334304389547794, 6.3336849030027995, 6.333401278232007, 6.33285518402749, 6.332521686148136, 6.332501381001574, 6.3322508751077855, 6.332205695294319, 6.3319952802455175, 6.331711093415605, 6.3313161444156725, 6.331149963622398, 6.331390346364772, 6.3310744995766495, 6.331103393879342, 6.3308354905311095, 6.330721638050485, 6.33071038875174, 6.3306600590969655, 6.330477434523562], "valid_loss": [6.362852096557617, 6.358925879001617, 6.353701710700989, 6.349270045757294, 6.3484498262405396, 6.345018088817596, 6.347043395042419, 6.345918595790863, 6.3442723751068115, 6.3453081250190735, 6.3453205823898315, 6.3460288643836975, 6.343565046787262, 6.3454272747039795, 6.344147503376007, 6.342794179916382, 6.3446855545043945, 6.344286143779755, 6.342507719993591, 6.343359291553497, 6.343388617038727, 6.342849016189575, 6.343910217285156, 6.343454301357269, 6.344279885292053, 6.344362139701843, 6.3429314494133, 6.339753866195679, 6.344327807426453, 6.342771053314209], "lr": [0.0005, 0.0005, 0.0005, 0.0005, 0.0005, 0.0005, 0.0005, 0.0005, 0.0005, 0.0005, 0.0005, 0.0005, 0.0005, 0.0005, 0.0005, 0.0005, 0.0005, 0.0005, 0.0005, 0.0005, 0.0005, 0.0005, 0.0005, 0.0005, 0.0005, 0.0005, 0.0005, 0.0005, 0.0005, 0.0005], "train_time": ["53min 6sec"], "train_ppl": [627.8, 572.31, 569.02, 567.55, 566.2, 565.39, 564.66, 564.15, 563.92, 563.69, 563.58, 563.23, 563.07, 562.76, 562.57, 562.56, 562.42, 562.4, 562.28, 562.12, 561.9, 561.8, 561.94, 561.76, 561.78, 561.63, 561.56, 561.56, 561.53, 561.42], "valid_ppl": [579.9, 577.63, 574.62, 572.07, 571.61, 569.65, 570.8, 570.16, 569.22, 569.81, 569.82, 570.22, 568.82, 569.88, 569.15, 568.38, 569.46, 569.23, 568.22, 568.7, 568.72, 568.41, 569.02, 568.76, 569.23, 569.27, 568.46, 566.66, 569.25, 568.37]}