{"epoch": [1, 2, 3, 4, 5, 6, 7, 8, 9, 10, 11, 12, 13, 14, 15, 16, 17, 18, 19, 20, 21, 22, 23, 24, 25, 26, 27, 28, 29, 30], "train_loss": [5.466675632325563, 5.321445143695445, 5.317412718802297, 5.314360341311551, 5.31145366383019, 5.309564569448059, 5.308225921597249, 5.307143074825472, 5.306381813755119, 5.30562732713338, 5.305479551727026, 5.304495376637329, 5.30439355614952, 5.303581634807166, 5.303859903948948, 5.3030319339903444, 5.3025929392171856, 5.302716324507927, 5.302603585079378, 5.3023782154536985, 5.301970859981318, 5.301570537331871, 5.3017195604971326, 5.301825489766797, 5.301164158640454, 5.300971102609508, 5.301017832651012, 5.301077928837175, 5.300657368966661, 5.300534386991929], "valid_loss": [5.35211855173111, 5.350584268569946, 5.347717225551605, 5.341449737548828, 5.34392124414444, 5.339741826057434, 5.3412376046180725, 5.338029861450195, 5.341980695724487, 5.340738415718079, 5.340555667877197, 5.33860445022583, 5.340099275112152, 5.337449669837952, 5.335646450519562, 5.336580812931061, 5.338364899158478, 5.337820410728455, 5.336338639259338, 5.336294412612915, 5.334885239601135, 5.335654973983765, 5.335983991622925, 5.334588050842285, 5.33377331495285, 5.33583790063858, 5.3364827036857605, 5.3349586725234985, 5.334964871406555, 5.339032590389252], "lr": [0.0005, 0.0005, 0.0005, 0.0005, 0.0005, 0.0005, 0.0005, 0.0005, 0.0005, 0.0005, 0.0005, 0.0005, 0.0005, 0.0005, 0.0005, 0.0005, 0.0005, 0.0005, 0.0005, 0.0005, 0.0005, 0.0005, 0.0005, 0.0005, 0.0005, 0.0005, 0.0005, 0.0005, 0.0005, 0.0005], "train_time": ["12min 56sec"], "train_ppl": [236.67, 204.68, 203.86, 203.23, 202.64, 202.26, 201.99, 201.77, 201.62, 201.47, 201.44, 201.24, 201.22, 201.06, 201.11, 200.95, 200.86, 200.88, 200.86, 200.81, 200.73, 200.65, 200.68, 200.7, 200.57, 200.53, 200.54, 200.55, 200.47, 200.44], "valid_ppl": [211.05, 210.73, 210.13, 208.82, 209.33, 208.46, 208.77, 208.1, 208.93, 208.67, 208.63, 208.22, 208.53, 207.98, 207.61, 207.8, 208.17, 208.06, 207.75, 207.74, 207.45, 207.61, 207.68, 207.39, 207.22, 207.65, 207.78, 207.46, 207.47, 208.31]}