{"epoch": [1, 2, 3, 4, 5, 6, 7, 8, 9, 10, 11, 12, 13, 14, 15, 16, 17, 18, 19, 20, 21, 22, 23, 24, 25, 26, 27, 28, 29, 30], "train_loss": [5.4496753631754125, 5.371468627199214, 5.364672569518394, 5.360549403251485, 5.3302510565899786, 5.234826800163756, 5.213264378080977, 5.198299525646453, 5.188814463513963, 5.186192701217976, 5.175447804877098, 5.168304496115827, 5.119055508552713, 5.073587261362278, 5.056810723974349, 5.048982181954891, 5.038030910491943, 5.029744290290995, 5.0222957448756445, 5.013646663503444, 4.987901738349428, 4.911695139458839, 4.883960488502016, 4.8734231015469165, 4.862404125294787, 4.833852954621011, 4.807198059812505, 4.789194342430601, 4.7770273573855135, 4.767019381421678], "valid_loss": [5.169872999191284, 5.1501211524009705, 5.162415325641632, 5.159853518009186, 5.2854326367378235, 5.182151138782501, 5.585254073143005, 5.582873106002808, 5.578965842723846, 5.705504477024078, 5.805783629417419, 5.63549929857254, 5.694326817989349, 5.618413329124451, 5.69877415895462, 5.998464941978455, 6.062385082244873, 5.843037724494934, 6.019563615322113, 5.777656555175781, 5.767168939113617, 6.083546817302704, 6.086383104324341, 5.78852117061615, 5.536279380321503, 5.625915110111237, 5.371372759342194, 5.385201394557953, 5.562925338745117, 5.381486415863037], "lr": [0.0018000000000000002, 0.0016200000000000001, 0.001458, 0.0013122000000000001, 0.00118098, 0.001062882, 0.0009565938, 0.00086093442, 0.000774840978, 0.0006973568802, 0.0006276211921800001, 0.0005648590729620001, 0.0005083731656658001, 0.0004575358490992201, 0.0004117822641892981, 0.00037060403777036834, 0.0003335436339933315, 0.0003001892705939984, 0.0002701703435345986, 0.00024315330918113872, 0.00021883797826302486, 0.00019695418043672237, 0.00017725876239305013, 0.00015953288615374513, 0.0001435795975383706, 0.00012922163778453355, 0.0001162994740060802, 0.00010466952660547218, 9.420257394492497e-05, 8.478231655043248e-05], "train_time": ["17min 14sec"], "train_ppl": [232.68, 215.18, 213.72, 212.84, 206.49, 187.7, 183.69, 180.96, 179.26, 178.79, 176.88, 175.62, 167.18, 159.75, 157.09, 155.86, 154.17, 152.89, 151.76, 150.45, 146.63, 135.87, 132.15, 130.77, 129.33, 125.69, 122.39, 120.2, 118.75, 117.57], "valid_ppl": [175.89, 172.45, 174.59, 174.14, 197.44, 178.07, 266.47, 265.83, 264.8, 300.52, 332.22, 280.2, 297.18, 275.45, 298.5, 402.81, 429.4, 344.83, 411.4, 323.0, 319.63, 438.58, 439.83, 326.53, 253.73, 277.53, 215.16, 218.15, 260.58, 217.35]}