{"epoch": [1, 2, 3, 4, 5, 6, 7, 8, 9, 10, 11, 12, 13, 14, 15, 16, 17, 18, 19, 20, 21, 22, 23, 24, 25, 26, 27, 28, 29, 30], "train_loss": [5.272499796684752, 4.396416806160135, 4.109420147347958, 3.950895980063905, 3.834451324381727, 3.7391680230485633, 3.656755235347342, 3.583930811983474, 3.5189146610016517, 3.4591931901079542, 3.4037925456432587, 3.352772470230752, 3.300325856310256, 3.2489806997015123, 3.202467448660668, 3.157213851238819, 3.114361614876605, 3.0733085733778935, 3.03894893362167, 3.00119055687113, 2.9677897980872623, 2.933110880344472, 2.9011948037654793, 2.8690298151462637, 2.8366778333136375, 2.8070932794124523, 2.778214512480066, 2.7491921637920624, 2.722373042208083, 2.6952770101263166], "valid_loss": [4.469201862812042, 4.181683897972107, 4.034303456544876, 3.944619059562683, 3.8674525916576385, 3.816485494375229, 3.7793730199337006, 3.745835065841675, 3.6956945955753326, 3.701201230287552, 3.6827123165130615, 3.663450986146927, 3.6393803656101227, 3.6163052022457123, 3.6050056517124176, 3.588907927274704, 3.588425099849701, 3.594024270772934, 3.574056923389435, 3.567523866891861, 3.578978091478348, 3.579275459051132, 3.572458952665329, 3.559724301099777, 3.555564820766449, 3.545084148645401, 3.5382825434207916, 3.543923258781433, 3.547886610031128, 3.5398333072662354], "lr": [0.0005, 0.0005, 0.0005, 0.0005, 0.0005, 0.0005, 0.0005, 0.0005, 0.0005, 0.0005, 0.0005, 0.0005, 0.0005, 0.0005, 0.0005, 0.0005, 0.0005, 0.0005, 0.0005, 0.0005, 0.0005, 0.0005, 0.0005, 0.0005, 0.0005, 0.0005, 0.0005, 0.0005, 0.0005, 0.0005], "train_time": ["17min 24sec"], "train_ppl": [194.9, 81.16, 60.91, 51.98, 46.27, 42.06, 38.74, 36.01, 33.75, 31.79, 30.08, 28.58, 27.12, 25.76, 24.59, 23.51, 22.52, 21.61, 20.88, 20.11, 19.45, 18.79, 18.2, 17.62, 17.06, 16.56, 16.09, 15.63, 15.22, 14.81], "valid_ppl": [87.29, 65.48, 56.5, 51.66, 47.82, 45.44, 43.79, 42.34, 40.27, 40.5, 39.75, 39.0, 38.07, 37.2, 36.78, 36.19, 36.18, 36.38, 35.66, 35.43, 35.84, 35.85, 35.6, 35.15, 35.01, 34.64, 34.41, 34.6, 34.74, 34.46]}