{"epoch": [1, 2, 3, 4, 5, 6, 7, 8, 9, 10, 11, 12, 13, 14, 15, 16, 17, 18, 19, 20, 21, 22, 23, 24, 25, 26, 27, 28, 29, 30], "train_loss": [5.446892135701281, 5.372992024523146, 5.366090707576022, 5.363483416780513, 5.361248759005932, 5.30915310230661, 5.247178442934726, 5.223177189522601, 5.21461446031611, 5.204206953657434, 5.1867501867578385, 5.1760217078188635, 5.1514847369904215, 5.130595539985819, 5.1111661261700565, 5.092491588186711, 5.081873725322967, 5.075603251761579, 5.071403304566728, 5.067372159754976, 5.057445735119758, 5.050906368012124, 5.046803397320686, 5.042129796616575, 5.039492836404354, 5.031597861837834, 5.026206742956283, 5.023509301530554, 5.020932648029733, 5.0164038597269265], "valid_loss": [5.167448699474335, 5.164820313453674, 5.158796846866608, 5.157519996166229, 5.159439504146576, 5.219915449619293, 5.336206376552582, 5.785887837409973, 5.531830728054047, 5.519774854183197, 5.533698737621307, 5.537979483604431, 5.40459269285202, 5.480559051036835, 5.396883726119995, 5.381747126579285, 5.565415382385254, 5.539123892784119, 5.656670153141022, 5.884955525398254, 5.95380699634552, 6.012077748775482, 5.9755794405937195, 5.856498181819916, 5.838236331939697, 5.94385427236557, 5.791483581066132, 5.786830127239227, 5.938635408878326, 5.683399796485901], "lr": [0.002, 0.002, 0.002, 0.002, 0.0014, 0.0014, 0.0014, 0.0014, 0.0014, 0.00098, 0.00098, 0.00098, 0.00098, 0.00098, 0.000686, 0.000686, 0.000686, 0.000686, 0.000686, 0.00048019999999999996, 0.00048019999999999996, 0.00048019999999999996, 0.00048019999999999996, 0.00048019999999999996, 0.00033613999999999996, 0.00033613999999999996, 0.00033613999999999996, 0.00033613999999999996, 0.00033613999999999996, 0.00023529799999999997], "train_time": ["17min 18sec"], "train_ppl": [232.04, 215.51, 214.02, 213.47, 212.99, 202.18, 190.03, 185.52, 183.94, 182.04, 178.89, 176.98, 172.69, 169.12, 165.86, 162.79, 161.08, 160.07, 159.4, 158.76, 157.19, 156.16, 155.52, 154.8, 154.39, 153.18, 152.35, 151.94, 151.55, 150.87], "valid_ppl": [175.47, 175.01, 173.96, 173.73, 174.07, 184.92, 207.72, 325.67, 252.61, 249.58, 253.08, 254.16, 222.43, 239.98, 220.72, 217.4, 261.23, 254.45, 286.19, 359.59, 385.22, 408.33, 393.7, 349.5, 343.17, 381.4, 327.5, 325.98, 379.42, 293.95]}