{"epoch": [1, 2, 3, 4, 5, 6, 7, 8, 9, 10, 11, 12, 13, 14, 15, 16, 17, 18, 19, 20, 21, 22, 23, 24, 25, 26, 27, 28, 29, 30], "train_loss": [5.891376700299851, 4.804182292045431, 4.59702402885924, 4.492974786555513, 4.450526257778736, 4.439532168368076, 4.434184583704522, 4.407632503103702, 4.350001339202231, 4.266676281868143, 4.178870968108481, 4.10097049246443, 4.040975923741118, 4.001554737699792, 3.981203039656294, 3.9771374215470985, 3.976179560194624, 3.9689703312325983, 3.9512767751166162, 3.9179322587682845, 3.8740197759993533, 3.8258185650439973, 3.7848122251794694, 3.7533857436890297, 3.7375258354430505, 3.732163655504267, 3.7321171090957965, 3.729795550285502, 3.719392180950084, 3.6977870768689094], "valid_loss": [4.734949171543121, 4.469151079654694, 4.377405643463135, 4.324357032775879, 4.310784161090851, 4.310020744800568, 4.2987905740737915, 4.269200563430786, 4.212483108043671, 4.142707169055939, 4.08440375328064, 4.030853480100632, 3.998557984828949, 3.9742510318756104, 3.970718562602997, 3.970088928937912, 3.9651296734809875, 3.953784555196762, 3.9343979954719543, 3.909129023551941, 3.859825074672699, 3.8274883925914764, 3.7961196899414062, 3.786993145942688, 3.7771502435207367, 3.7788355946540833, 3.7750428318977356, 3.7677853405475616, 3.7474359273910522, 3.7260965704917908], "lr": [9.045094521025019e-05, 6.545119521025018e-05, 3.454980478974981e-05, 9.550054789749818e-06, 1e-09, 9.550054789749816e-06, 3.4549804789749834e-05, 6.545119521025022e-05, 9.045094521025024e-05, 0.00010000000000000006, 9.045094521025027e-05, 6.545119521025023e-05, 3.4549804789749854e-05, 9.550054789749831e-06, 1e-09, 9.550054789749816e-06, 3.454980478974984e-05, 6.545119521025025e-05, 9.045094521025028e-05, 0.00010000000000000014, 9.045094521025032e-05, 6.54511952102504e-05, 3.4549804789749895e-05, 9.550054789749847e-06, 1e-09, 9.550054789749816e-06, 3.454980478974985e-05, 6.545119521025027e-05, 9.045094521025034e-05, 0.0001000000000000002], "train_time": ["17min 26sec"], "train_ppl": [361.9, 122.02, 99.19, 89.39, 85.67, 84.74, 84.28, 82.07, 77.48, 71.28, 65.29, 60.4, 56.88, 54.68, 53.58, 53.36, 53.31, 52.93, 52.0, 50.3, 48.14, 45.87, 44.03, 42.67, 41.99, 41.77, 41.77, 41.67, 41.24, 40.36], "valid_ppl": [113.86, 87.28, 79.63, 75.52, 74.5, 74.44, 73.61, 71.46, 67.52, 62.97, 59.41, 56.31, 54.52, 53.21, 53.02, 52.99, 52.73, 52.13, 51.13, 49.86, 47.46, 45.95, 44.53, 44.12, 43.69, 43.77, 43.6, 43.28, 42.41, 41.52]}