{"epoch": [1, 2, 3, 4, 5, 6, 7, 8, 9, 10, 11, 12, 13, 14, 15, 16, 17, 18, 19, 20, 21, 22, 23, 24, 25, 26, 27, 28, 29, 30], "train_loss": [8.706997047586643, 5.514381666386381, 4.516999605868725, 4.13327412503831, 3.933392621101217, 3.7893415461195277, 3.7263653207332528, 3.6842141232591996, 3.641197767663509, 3.59268087732031, 3.5066385735856724, 3.4502286789265084, 3.4236591785512074, 3.3976318897084985, 3.3662528078606786, 3.287524232458561, 3.255316546622743, 3.2421116473826954, 3.227614381465506, 3.207390476794953, 3.148711517009329, 3.126064375613598, 3.117097687213979, 3.1091086458652577, 3.099196001823912, 3.0494017824213557, 3.039364370386651, 3.0355898836825754, 3.030856242078416, 3.023273985436622], "valid_loss": [8.707456231117249, 4.624497771263123, 4.214288115501404, 4.0022949278354645, 3.879028558731079, 3.877576529979706, 3.7983715534210205, 3.7656653225421906, 3.752997010946274, 3.7282078564167023, 3.7304284870624542, 3.6586266458034515, 3.6293540000915527, 3.602956712245941, 3.583952695131302, 3.5826691687107086, 3.538932114839554, 3.5381453037261963, 3.5151637196540833, 3.4980902075767517, 3.5000638365745544, 3.4844476878643036, 3.475402295589447, 3.4746842086315155, 3.464733749628067, 3.4651105403900146, 3.4498348236083984, 3.446580022573471, 3.4454382359981537, 3.434412956237793], "lr": [0.0002000008, 0.00040000060000000006, 0.0006000004000000001, 0.0008000002000000001, 1e-09, 0.0001400008, 0.0002800006, 0.00042000040000000005, 0.0005600002, 1e-09, 9.80008e-05, 0.00019600059999999998, 0.00029400039999999996, 0.0003920002, 1e-09, 6.860079999999999e-05, 0.00013720059999999996, 0.00020580039999999996, 0.00027440019999999996, 1e-09, 4.802079999999999e-05, 9.604059999999998e-05, 0.00014406039999999997, 0.00019208019999999995, 1e-09, 3.3614799999999995e-05, 6.722859999999999e-05, 0.00010084239999999998, 0.00013445619999999996, 1e-09], "train_time": ["17min 24sec"], "train_ppl": [6045.06, 248.24, 91.56, 62.38, 51.08, 44.23, 41.53, 39.81, 38.14, 36.33, 33.34, 31.51, 30.68, 29.89, 28.97, 26.78, 25.93, 25.59, 25.22, 24.71, 23.31, 22.78, 22.58, 22.4, 22.18, 21.1, 20.89, 20.81, 20.71, 20.56], "valid_ppl": [6047.84, 101.95, 67.65, 54.72, 48.38, 48.31, 44.63, 43.19, 42.65, 41.6, 41.7, 38.81, 37.69, 36.71, 36.02, 35.97, 34.43, 34.4, 33.62, 33.05, 33.12, 32.6, 32.31, 32.29, 31.97, 31.98, 31.5, 31.39, 31.36, 31.01]}