{"epoch": [1, 2, 3, 4, 5, 6, 7, 8, 9, 10, 11, 12, 13, 14, 15, 16, 17, 18, 19, 20, 21, 22, 23, 24, 25, 26, 27, 28, 29, 30], "train_loss": [5.414236738818333, 5.326519499791351, 5.319798221672159, 5.058965042299111, 4.91234519513168, 4.863425912310898, 4.791057937470827, 4.69085419650645, 4.6604588126295985, 4.435867507027109, 4.3112471639322285, 4.233698983549546, 4.166284162042425, 4.083793707356054, 4.003517334681775, 3.9417161437383306, 3.9042158851539512, 3.865297868913491, 3.8361547854503346, 3.808347987708541, 3.7842193647628313, 3.7665914690967175, 3.747628550172377, 3.733314712667255, 3.7186270390313103, 3.704544272191724, 3.69302298739093, 3.681862399441555, 3.6743116683371793, 3.6660375500565583], "valid_loss": [5.3559951186180115, 5.353772044181824, 5.344825744628906, 8.636656641960144, 8.431048274040222, 8.287294864654541, 5.743752837181091, 5.489744961261749, 6.986690044403076, 4.624769389629364, 5.434488892555237, 5.4163103103637695, 4.47967392206192, 4.3219926953315735, 4.3083667159080505, 4.235663592815399, 4.199977338314056, 4.457043647766113, 4.165034651756287, 4.172481834888458, 4.118264943361282, 4.119414210319519, 4.275631844997406, 4.1439158618450165, 4.037569522857666, 4.109853297472, 4.000212609767914, 3.9879850149154663, 4.028763860464096, 4.016790688037872], "lr": [0.0018000000000000002, 0.0016200000000000001, 0.001458, 0.0013122000000000001, 0.00118098, 0.001062882, 0.0009565938, 0.00086093442, 0.000774840978, 0.0006973568802, 0.0006276211921800001, 0.0005648590729620001, 0.0005083731656658001, 0.0004575358490992201, 0.0004117822641892981, 0.00037060403777036834, 0.0003335436339933315, 0.0003001892705939984, 0.0002701703435345986, 0.00024315330918113872, 0.00021883797826302486, 0.00019695418043672237, 0.00017725876239305013, 0.00015953288615374513, 0.0001435795975383706, 0.00012922163778453355, 0.0001162994740060802, 0.00010466952660547218, 9.420257394492497e-05, 8.478231655043248e-05], "train_time": ["6min 46sec"], "train_ppl": [224.58, 205.72, 204.34, 157.43, 135.96, 129.47, 120.43, 108.95, 105.68, 84.43, 74.53, 68.97, 64.48, 59.37, 54.79, 51.51, 49.61, 47.72, 46.35, 45.08, 44.0, 43.23, 42.42, 41.82, 41.21, 40.63, 40.17, 39.72, 39.42, 39.1], "valid_ppl": [211.87, 211.4, 209.52, 5634.46, 4587.31, 3973.07, 312.23, 242.2, 1082.13, 101.98, 229.18, 225.05, 88.21, 75.34, 74.32, 69.11, 66.68, 86.23, 64.39, 64.88, 61.45, 61.52, 71.93, 63.05, 56.69, 60.94, 54.61, 53.95, 56.19, 55.52]}