{"epoch": [1, 2, 3, 4, 5, 6, 7, 8, 9, 10, 11, 12, 13, 14, 15, 16, 17, 18, 19, 20, 21, 22, 23, 24, 25, 26, 27, 28, 29, 30], "train_loss": [8.812750933979052, 5.1975825095491786, 3.6281252201433225, 3.0174276219590643, 2.512041071963205, 2.1833984352943654, 2.029829116644838, 1.9037117858290147, 1.7786810219550448, 1.670400582221111, 1.5428289316824355, 1.4688669569166746, 1.4349927182764735, 1.4067426620601031, 1.3794763266777677, 1.3046310977263598, 1.2604784188291576, 1.2460091297847058, 1.2359624533926339, 1.2282942307678089, 1.173474174764188, 1.1485647433129702, 1.1425679102868236, 1.1399505784333015, 1.135694213375646, 1.0961863458944312, 1.0791793210916056, 1.0756909385126592, 1.0757592593520748, 1.0731712332906176], "valid_loss": [8.818790912628174, 4.102009832859039, 3.208688497543335, 2.709333449602127, 2.1704157292842865, 2.17006379365921, 1.9441398233175278, 1.8017466515302658, 1.7036525160074234, 1.624920055270195, 1.6219914108514786, 1.52264803647995, 1.5005162507295609, 1.483305275440216, 1.4705915451049805, 1.4707347303628922, 1.4217693358659744, 1.4290535151958466, 1.4167460948228836, 1.4136921167373657, 1.413885161280632, 1.3910041749477386, 1.3822441101074219, 1.3748424053192139, 1.4016179740428925, 1.4013110846281052, 1.3752654492855072, 1.3696461021900177, 1.3770131319761276, 1.3788998275995255], "lr": [0.0002000008, 0.00040000060000000006, 0.0006000004000000001, 0.0008000002000000001, 1e-09, 0.0001400008, 0.0002800006, 0.00042000040000000005, 0.0005600002, 1e-09, 9.80008e-05, 0.00019600059999999998, 0.00029400039999999996, 0.0003920002, 1e-09, 6.860079999999999e-05, 0.00013720059999999996, 0.00020580039999999996, 0.00027440019999999996, 1e-09, 4.802079999999999e-05, 9.604059999999998e-05, 0.00014406039999999997, 0.00019208019999999995, 1e-09, 3.3614799999999995e-05, 6.722859999999999e-05, 0.00010084239999999998, 0.00013445619999999996, 1e-09], "train_time": ["6min 52sec"], "train_ppl": [6719.38, 180.83, 37.64, 20.44, 12.33, 8.88, 7.61, 6.71, 5.92, 5.31, 4.68, 4.34, 4.2, 4.08, 3.97, 3.69, 3.53, 3.48, 3.44, 3.42, 3.23, 3.15, 3.13, 3.13, 3.11, 2.99, 2.94, 2.93, 2.93, 2.92], "valid_ppl": [6760.09, 60.46, 24.75, 15.02, 8.76, 8.76, 6.99, 6.06, 5.49, 5.08, 5.06, 4.58, 4.48, 4.41, 4.35, 4.35, 4.14, 4.17, 4.12, 4.11, 4.11, 4.02, 3.98, 3.95, 4.06, 4.06, 3.96, 3.93, 3.96, 3.97]}