{"epoch": [1, 2, 3, 4, 5, 6, 7, 8, 9, 10, 11, 12, 13, 14, 15, 16, 17, 18, 19, 20, 21, 22, 23, 24, 25, 26, 27, 28, 29, 30], "train_loss": [5.815550033216434, 4.192782218235705, 3.7773360365813, 3.607995335751168, 3.5410257331075123, 3.5261627577474988, 3.5177816094806014, 3.4713961815518957, 3.370973579684018, 3.233586385911782, 3.0851736898464255, 2.928694211438889, 2.810034308664599, 2.7326043576395986, 2.6949131152703374, 2.684625808362919, 2.6816713263809944, 2.663887288601913, 2.6175291149626743, 2.5453743745576967, 2.4545882031781034, 2.3617216458929793, 2.282786186571163, 2.224554121756869, 2.194880389432025, 2.1848377829606314, 2.182878082544268, 2.173602800537311, 2.1442684796413136, 2.0940740139999052], "valid_loss": [4.5714303851127625, 3.8879046738147736, 3.6403570473194122, 3.5412647426128387, 3.508949965238571, 3.507977992296219, 3.485431879758835, 3.396847128868103, 3.264877527952194, 3.1167417466640472, 2.942108452320099, 2.7993268966674805, 2.7105132341384888, 2.6608580946922302, 2.6448971927165985, 2.6448855996131897, 2.6341042816638947, 2.5994233191013336, 2.5357826948165894, 2.4503141045570374, 2.3494768142700195, 2.267800450325012, 2.2055439054965973, 2.167696177959442, 2.155352473258972, 2.155375748872757, 2.147598683834076, 2.1203668117523193, 2.07950296998024, 2.018644854426384], "lr": [9.045094521025019e-05, 6.545119521025018e-05, 3.454980478974981e-05, 9.550054789749818e-06, 1e-09, 9.550054789749816e-06, 3.4549804789749834e-05, 6.545119521025022e-05, 9.045094521025024e-05, 0.00010000000000000006, 9.045094521025027e-05, 6.545119521025023e-05, 3.4549804789749854e-05, 9.550054789749831e-06, 1e-09, 9.550054789749816e-06, 3.454980478974984e-05, 6.545119521025025e-05, 9.045094521025028e-05, 0.00010000000000000014, 9.045094521025032e-05, 6.54511952102504e-05, 3.4549804789749895e-05, 9.550054789749847e-06, 1e-09, 9.550054789749816e-06, 3.454980478974985e-05, 6.545119521025027e-05, 9.045094521025034e-05, 0.0001000000000000002], "train_time": ["6min 50sec"], "train_ppl": [335.48, 66.21, 43.7, 36.89, 34.5, 33.99, 33.71, 32.18, 29.11, 25.37, 21.87, 18.7, 16.61, 15.37, 14.8, 14.65, 14.61, 14.35, 13.7, 12.75, 11.64, 10.61, 9.8, 9.25, 8.98, 8.89, 8.87, 8.79, 8.54, 8.12], "valid_ppl": [96.68, 48.81, 38.11, 34.51, 33.41, 33.38, 32.64, 29.87, 26.18, 22.57, 18.96, 16.43, 15.04, 14.31, 14.08, 14.08, 13.93, 13.46, 12.63, 11.59, 10.48, 9.66, 9.08, 8.74, 8.63, 8.63, 8.56, 8.33, 8.0, 7.53]}