{"epoch": [1, 2, 3, 4, 5, 6, 7, 8, 9, 10, 11, 12, 13, 14, 15, 16, 17, 18, 19, 20, 21, 22, 23, 24, 25, 26, 27, 28, 29, 30], "train_loss": [4.52445298774652, 3.250319943028925, 2.833017112925189, 2.5040237451965064, 2.1830023217306262, 1.9033348292506214, 1.7065885739179434, 1.567312506852171, 1.4663126825761166, 1.3836435751767935, 1.3172532587849621, 1.260482601657313, 1.213803655250482, 1.1741907859163663, 1.1328251666434537, 1.1015685849252776, 1.0669990468130237, 1.0402440384095986, 1.0142238867440412, 0.9891787911826818, 0.9657365540575876, 0.9436325753837955, 0.9254474432457911, 0.9054134593135985, 0.887059420215926, 0.870288130207734, 0.8545092921950218, 0.8376395253357908, 0.82386154881658, 0.8101686942944968], "valid_loss": [3.5318950414657593, 2.9522560238838196, 2.6488507091999054, 2.3016676902770996, 1.9631818979978561, 1.7597412914037704, 1.6266853213310242, 1.5415429919958115, 1.4926356971263885, 1.448689043521881, 1.4149752259254456, 1.4081292301416397, 1.3871720880270004, 1.3779763728380203, 1.3739661276340485, 1.360083445906639, 1.3717589229345322, 1.3551137149333954, 1.3772947490215302, 1.391155481338501, 1.3693767189979553, 1.3597103953361511, 1.380800038576126, 1.3623300939798355, 1.3713546395301819, 1.3773718923330307, 1.399013340473175, 1.4114321768283844, 1.4102119952440262, 1.4184366017580032], "lr": [0.0005, 0.0005, 0.0005, 0.0005, 0.0005, 0.0005, 0.0005, 0.0005, 0.0005, 0.0005, 0.0005, 0.0005, 0.0005, 0.0005, 0.0005, 0.0005, 0.0005, 0.0005, 0.0005, 0.0005, 0.0005, 0.0005, 0.0005, 0.0005, 0.0005, 0.0005, 0.0005, 0.0005, 0.0005, 0.0005], "train_time": ["6min 49sec"], "train_ppl": [92.25, 25.8, 17.0, 12.23, 8.87, 6.71, 5.51, 4.79, 4.33, 3.99, 3.73, 3.53, 3.37, 3.24, 3.1, 3.01, 2.91, 2.83, 2.76, 2.69, 2.63, 2.57, 2.52, 2.47, 2.43, 2.39, 2.35, 2.31, 2.28, 2.25], "valid_ppl": [34.19, 19.15, 14.14, 9.99, 7.12, 5.81, 5.09, 4.67, 4.45, 4.26, 4.12, 4.09, 4.0, 3.97, 3.95, 3.9, 3.94, 3.88, 3.96, 4.02, 3.93, 3.9, 3.98, 3.91, 3.94, 3.96, 4.05, 4.1, 4.1, 4.13]}