{"epoch": [1, 2, 3, 4, 5, 6, 7, 8, 9, 10, 11, 12, 13, 14, 15, 16, 17, 18, 19, 20, 21, 22, 23, 24, 25, 26, 27, 28, 29, 30], "train_loss": [5.4173881303896465, 5.328811500566121, 5.32255034299674, 5.298044114385933, 5.022881264203446, 4.937702664194653, 4.920489878381401, 4.904707866618287, 4.8966271824773715, 4.8914105860672334, 4.877139538920399, 4.872483450935801, 4.8678241343225155, 4.870573512257984, 4.859748380299707, 4.849404322418347, 4.820272819586262, 4.740719778422217, 4.696251778875679, 4.665339577040483, 4.651321503559398, 4.634672019975301, 4.622926281412267, 4.613716474188582, 4.6096975477781585, 4.596734500666547, 4.593826753977637, 4.588199361305405, 4.584315142442477, 4.580804837432727], "valid_loss": [5.365251302719116, 5.351663887500763, 5.3455140590667725, 5.3746936321258545, 5.886545538902283, 6.0588207840919495, 6.175027012825012, 5.759816348552704, 5.625461041927338, 5.970842778682709, 6.068077802658081, 5.633014142513275, 5.71864515542984, 5.7420361042022705, 5.749027788639069, 5.824186980724335, 7.897307991981506, 6.873986005783081, 5.81299352645874, 5.826294779777527, 5.766720652580261, 5.804199635982513, 5.675161898136139, 5.68733549118042, 5.613776206970215, 5.6695666909217834, 5.693967938423157, 5.649163663387299, 5.632935643196106, 5.5804139375686646], "lr": [0.002, 0.002, 0.002, 0.002, 0.0014, 0.0014, 0.0014, 0.0014, 0.0014, 0.00098, 0.00098, 0.00098, 0.00098, 0.00098, 0.000686, 0.000686, 0.000686, 0.000686, 0.000686, 0.00048019999999999996, 0.00048019999999999996, 0.00048019999999999996, 0.00048019999999999996, 0.00048019999999999996, 0.00033613999999999996, 0.00033613999999999996, 0.00033613999999999996, 0.00033613999999999996, 0.00033613999999999996, 0.00023529799999999997], "train_time": ["6min 44sec"], "train_ppl": [225.29, 206.19, 204.91, 199.95, 151.85, 139.45, 137.07, 134.92, 133.84, 133.14, 131.25, 130.64, 130.04, 130.4, 128.99, 127.66, 124.0, 114.52, 109.54, 106.2, 104.72, 102.99, 101.79, 100.86, 100.45, 99.16, 98.87, 98.32, 97.94, 97.59], "valid_ppl": [213.84, 210.96, 209.67, 215.87, 360.16, 427.87, 480.6, 317.29, 277.4, 391.84, 431.85, 279.5, 304.49, 311.7, 313.89, 338.39, 2690.03, 966.79, 334.62, 339.1, 319.49, 331.69, 291.54, 295.11, 274.18, 289.91, 297.07, 284.05, 279.48, 265.18]}