{"epoch": [1, 2, 3, 4, 5, 6, 7, 8, 9, 10, 11, 12, 13, 14, 15, 16, 17, 18, 19, 20, 21, 22, 23, 24, 25, 26, 27, 28, 29, 30], "train_loss": [5.8222095178612525, 5.689504539388917, 5.684309671628843, 5.680396027501985, 5.6778654821118595, 5.6766574918436055, 5.6751281490409955, 5.674070165020779, 5.673291708404272, 5.67265352803705, 5.672207742010444, 5.672012049721201, 5.6713239169856, 5.670783584863604, 5.670461892031363, 5.670451546555574, 5.670266172434265, 5.66964073013104, 5.669945454282383, 5.669657650498041, 5.6692980732686715, 5.6692081611061935, 5.66893256813419, 5.668764349647556, 5.668439293747957, 5.668480543313048, 5.6683004606137715, 5.668008027097727, 5.6678503578454915, 5.667765445121059], "valid_loss": [5.716846168041229, 5.71086585521698, 5.709546089172363, 5.70434296131134, 5.705055832862854, 5.704544484615326, 5.704771399497986, 5.702443242073059, 5.702389180660248, 5.701591193675995, 5.701522052288055, 5.701866805553436, 5.700454413890839, 5.7023855447769165, 5.70199716091156, 5.701668441295624, 5.699147284030914, 5.700666785240173, 5.698567986488342, 5.699117362499237, 5.700982928276062, 5.700268566608429, 5.698862135410309, 5.697778105735779, 5.700209736824036, 5.697942733764648, 5.6983025670051575, 5.699820697307587, 5.6968730092048645, 5.69889372587204], "lr": [0.0005, 0.0005, 0.0005, 0.0005, 0.0005, 0.0005, 0.0005, 0.0005, 0.0005, 0.0005, 0.0005, 0.0005, 0.0005, 0.0005, 0.0005, 0.0005, 0.0005, 0.0005, 0.0005, 0.0005, 0.0005, 0.0005, 0.0005, 0.0005, 0.0005, 0.0005, 0.0005, 0.0005, 0.0005, 0.0005], "train_time": ["18min 42sec"], "train_ppl": [337.72, 295.75, 294.21, 293.07, 292.32, 291.97, 291.53, 291.22, 290.99, 290.81, 290.68, 290.62, 290.42, 290.26, 290.17, 290.17, 290.11, 289.93, 290.02, 289.94, 289.83, 289.8, 289.73, 289.68, 289.58, 289.59, 289.54, 289.46, 289.41, 289.39], "valid_ppl": [303.94, 302.13, 301.73, 300.17, 300.38, 300.23, 300.3, 299.6, 299.58, 299.34, 299.32, 299.43, 299.0, 299.58, 299.46, 299.37, 298.61, 299.07, 298.44, 298.6, 299.16, 298.95, 298.53, 298.2, 298.93, 298.25, 298.36, 298.81, 297.93, 298.54]}