{"epoch": [1, 2, 3, 4, 5, 6, 7, 8, 9, 10, 11, 12, 13, 14, 15, 16, 17, 18, 19, 20, 21, 22, 23, 24, 25, 26, 27, 28, 29, 30], "train_loss": [5.529609260153263, 5.370603291531826, 5.361221039548833, 5.357062244415284, 5.355056350789171, 5.353734503401086, 5.351609997039145, 5.351476638875109, 5.350906611503439, 5.350157471920582, 5.349217836907569, 5.349684475837869, 5.349115201260181, 5.348966146022716, 5.347537198979804, 5.3478977609188, 5.347086249006556, 5.348350537076909, 5.347765039890371, 5.3463713686516945, 5.346755092702013, 5.346247563463576, 5.34653227582891, 5.346646797910649, 5.346278277863847, 5.345988409569923, 5.345862463687329, 5.345316186864325, 5.346266484767833, 5.346091302912286], "valid_loss": [5.18476414680481, 5.166727542877197, 5.169527351856232, 5.169301688671112, 5.1547582149505615, 5.152441382408142, 5.155432164669037, 5.1589648723602295, 5.159060001373291, 5.157247245311737, 5.155295431613922, 5.164443671703339, 5.163987040519714, 5.158224165439606, 5.156236231327057, 5.161426305770874, 5.155466675758362, 5.155606150627136, 5.160994112491608, 5.158223807811737, 5.157805562019348, 5.156485974788666, 5.152805328369141, 5.14923632144928, 5.159328758716583, 5.157450556755066, 5.1570016741752625, 5.155863344669342, 5.156129539012909, 5.15721869468689], "lr": [0.0005, 0.0005, 0.0005, 0.0005, 0.0005, 0.0005, 0.0005, 0.0005, 0.0005, 0.0005, 0.0005, 0.0005, 0.0005, 0.0005, 0.0005, 0.0005, 0.0005, 0.0005, 0.0005, 0.0005, 0.0005, 0.0005, 0.0005, 0.0005, 0.0005, 0.0005, 0.0005, 0.0005, 0.0005, 0.0005], "train_time": ["133min 24sec"], "train_ppl": [252.05, 214.99, 212.98, 212.1, 211.68, 211.4, 210.95, 210.92, 210.8, 210.64, 210.44, 210.54, 210.42, 210.39, 210.09, 210.17, 210.0, 210.26, 210.14, 209.85, 209.93, 209.82, 209.88, 209.9, 209.83, 209.77, 209.74, 209.62, 209.82, 209.79], "valid_ppl": [178.53, 175.34, 175.83, 175.79, 173.25, 172.85, 173.37, 173.98, 174.0, 173.69, 173.35, 174.94, 174.86, 173.86, 173.51, 174.41, 173.38, 173.4, 174.34, 173.86, 173.78, 173.55, 172.92, 172.3, 174.05, 173.72, 173.64, 173.45, 173.49, 173.68]}