{"epoch": [1, 2, 3, 4, 5, 6, 7, 8, 9, 10, 11, 12, 13, 14, 15, 16, 17, 18, 19, 20, 21, 22, 23, 24, 25, 26, 27, 28, 29, 30], "train_loss": [6.893415162918416, 6.809760763290081, 6.804310431378953, 6.802170861021001, 6.7997423070542355, 6.798538554982936, 6.797409903749506, 6.796959830344991, 6.796377999731835, 6.796238645594171, 6.795353083914899, 6.795308829368429, 6.794890091267038, 6.794082369702927, 6.794128217088415, 6.794209650729565, 6.7936719163935235, 6.793737088873031, 6.793297453129545, 6.792808319659943, 6.792932879671137, 6.792627099219789, 6.79286906465571, 6.792953653538481, 6.792632640676295, 6.792412279007283, 6.792347851205379, 6.792032968237045, 6.7923906813276576, 6.792068982631602], "valid_loss": [6.8245872259140015, 6.816865026950836, 6.812748849391937, 6.8145782351493835, 6.808355271816254, 6.810046374797821, 6.813170790672302, 6.809030592441559, 6.809267580509186, 6.80922269821167, 6.809177815914154, 6.8079400062561035, 6.80670553445816, 6.8052297830581665, 6.807585775852203, 6.808018743991852, 6.808349132537842, 6.8093167543411255, 6.805686593055725, 6.807286620140076, 6.806485712528229, 6.806655943393707, 6.805386066436768, 6.807066798210144, 6.8065245151519775, 6.805960953235626, 6.803114533424377, 6.8066436648368835, 6.807192444801331, 6.807825684547424], "lr": [0.0005, 0.0005, 0.0005, 0.0005, 0.0005, 0.0005, 0.0005, 0.0005, 0.0005, 0.0005, 0.0005, 0.0005, 0.0005, 0.0005, 0.0005, 0.0005, 0.0005, 0.0005, 0.0005, 0.0005, 0.0005, 0.0005, 0.0005, 0.0005, 0.0005, 0.0005, 0.0005, 0.0005, 0.0005, 0.0005], "train_time": ["52min 39sec"], "train_ppl": [985.76, 906.65, 901.73, 899.8, 897.62, 896.54, 895.52, 895.12, 894.6, 894.48, 893.68, 893.65, 893.27, 892.55, 892.59, 892.66, 892.18, 892.24, 891.85, 891.41, 891.52, 891.25, 891.47, 891.54, 891.26, 891.06, 891.0, 890.72, 891.04, 890.75], "valid_ppl": [920.2, 913.12, 909.37, 911.03, 905.38, 906.91, 909.75, 905.99, 906.21, 906.17, 906.13, 905.0, 903.89, 902.56, 904.68, 905.08, 905.37, 906.25, 902.97, 904.41, 903.69, 903.84, 902.7, 904.21, 903.72, 903.22, 900.65, 903.83, 904.33, 904.9]}