{"epoch": [1, 2, 3, 4, 5, 6, 7, 8, 9, 10, 11, 12, 13, 14, 15, 16, 17, 18, 19, 20, 21, 22, 23, 24, 25, 26, 27, 28, 29, 30], "train_loss": [7.179156141078218, 7.1086785417922, 7.104845655725358, 7.102627800880595, 7.1011745858699715, 7.1003210250367506, 7.099785193991154, 7.099113584072032, 7.098870480314214, 7.098057213235409, 7.097725774886761, 7.0978385499183165, 7.097399068385997, 7.097148483357531, 7.097215475934617, 7.096719802694118, 7.096593071552033, 7.096380183037291, 7.096175587430913, 7.096032929927745, 7.095650003311482, 7.095959679623868, 7.096036789265085, 7.095845900190637, 7.095578189606362, 7.095630233845812, 7.095633610258711, 7.095262628920535, 7.095021355405767, 7.095174586519282], "valid_loss": [7.12505978345871, 7.1150670647621155, 7.111903190612793, 7.114171087741852, 7.110152244567871, 7.107729434967041, 7.1103475689888, 7.106867730617523, 7.107996582984924, 7.111135184764862, 7.10847145318985, 7.1085638999938965, 7.111435830593109, 7.10531085729599, 7.107880592346191, 7.10889059305191, 7.108420550823212, 7.110769271850586, 7.106186509132385, 7.10434764623642, 7.104829013347626, 7.107064306735992, 7.10632461309433, 7.1031264662742615, 7.103757798671722, 7.104452192783356, 7.104140818119049, 7.10608571767807, 7.106994092464447, 7.105672061443329], "lr": [0.0005, 0.0005, 0.0005, 0.0005, 0.0005, 0.0005, 0.0005, 0.0005, 0.0005, 0.0005, 0.0005, 0.0005, 0.0005, 0.0005, 0.0005, 0.0005, 0.0005, 0.0005, 0.0005, 0.0005, 0.0005, 0.0005, 0.0005, 0.0005, 0.0005, 0.0005, 0.0005, 0.0005, 0.0005, 0.0005], "train_time": ["52min 6sec"], "train_ppl": [1311.8, 1222.53, 1217.85, 1215.16, 1213.39, 1212.36, 1211.71, 1210.89, 1210.6, 1209.61, 1209.21, 1209.35, 1208.82, 1208.52, 1208.6, 1208.0, 1207.85, 1207.59, 1207.34, 1207.17, 1206.71, 1207.08, 1207.17, 1206.94, 1206.62, 1206.68, 1206.69, 1206.24, 1205.95, 1206.13], "valid_ppl": [1242.72, 1230.37, 1226.48, 1229.26, 1224.33, 1221.37, 1224.57, 1220.32, 1221.7, 1225.54, 1222.28, 1222.39, 1225.91, 1218.42, 1221.56, 1222.79, 1222.22, 1225.09, 1219.49, 1217.25, 1217.83, 1220.56, 1219.66, 1215.76, 1216.53, 1217.38, 1217.0, 1219.37, 1220.47, 1218.86]}