{"epoch": [1, 2, 3, 4, 5, 6, 7, 8, 9, 10, 11, 12, 13, 14, 15, 16, 17, 18, 19, 20, 21, 22, 23, 24, 25, 26, 27, 28, 29, 30], "train_loss": [5.626982899929615, 5.437836569928108, 5.426794007483949, 5.423042309537847, 5.420722510966849, 5.419356739774663, 5.418341060394936, 5.417527243431579, 5.416963749743522, 5.415889419393337, 5.41568031716854, 5.415596393828697, 5.414973806827627, 5.414760473941235, 5.414512303534974, 5.413835073024669, 5.413502713467213, 5.413809078297716, 5.413698561648105, 5.412872768970246, 5.413654041290283, 5.412976281186368, 5.412656621730074, 5.41280278753727, 5.41260425892282, 5.412275336651092, 5.412718285905554, 5.411897622778061, 5.412007356197276, 5.411842583595438], "valid_loss": [5.433912515640259, 5.417071044445038, 5.409123718738556, 5.408615231513977, 5.409205853939056, 5.4062084555625916, 5.401123106479645, 5.4022040367126465, 5.39995664358139, 5.403331100940704, 5.402692139148712, 5.403600454330444, 5.401601016521454, 5.401744246482849, 5.39598685503006, 5.399844527244568, 5.400206744670868, 5.403583288192749, 5.4020140171051025, 5.397089123725891, 5.399893343448639, 5.399601519107819, 5.400179326534271, 5.399742662906647, 5.402542471885681, 5.395921349525452, 5.400723576545715, 5.400017619132996, 5.401570379734039, 5.398603856563568], "lr": [0.0005, 0.0005, 0.0005, 0.0005, 0.0005, 0.0005, 0.0005, 0.0005, 0.0005, 0.0005, 0.0005, 0.0005, 0.0005, 0.0005, 0.0005, 0.0005, 0.0005, 0.0005, 0.0005, 0.0005, 0.0005, 0.0005, 0.0005, 0.0005, 0.0005, 0.0005, 0.0005, 0.0005, 0.0005, 0.0005], "train_time": ["120min 49sec"], "train_ppl": [277.82, 229.94, 227.42, 226.57, 226.04, 225.73, 225.5, 225.32, 225.19, 224.95, 224.91, 224.89, 224.75, 224.7, 224.64, 224.49, 224.42, 224.49, 224.46, 224.27, 224.45, 224.3, 224.23, 224.26, 224.21, 224.14, 224.24, 224.06, 224.08, 224.04], "valid_ppl": [229.04, 225.22, 223.44, 223.32, 223.45, 222.79, 221.66, 221.89, 221.4, 222.15, 222.0, 222.21, 221.76, 221.79, 220.52, 221.37, 221.45, 222.2, 221.85, 220.76, 221.38, 221.32, 221.45, 221.35, 221.97, 220.51, 221.57, 221.41, 221.75, 221.1]}