{"epoch": [1, 2, 3, 4, 5, 6, 7, 8, 9, 10, 11, 12, 13, 14, 15, 16, 17, 18, 19, 20, 21, 22, 23, 24, 25, 26, 27, 28, 29, 30], "train_loss": [6.869567601224209, 6.817048425877348, 6.810317145002649, 6.806662340367094, 6.804429821257895, 6.799696453581465, 6.805004886870688, 6.7987601848358805, 6.798676490783691, 6.798431027189214, 6.795430260516228, 6.795401554919303, 6.779297570979342, 6.7037452190480336, 6.662957623664369, 6.645394897460937, 6.637601718496769, 6.631710521211016, 6.624587237581293, 6.613665631476869, 6.594278014974392, 6.576883267341776, 6.561202002586202, 6.548651025650349, 6.538773311452663, 6.525771916166265, 6.520137204515173, 6.513952387140153, 6.511057019740977, 6.506484745918436], "valid_loss": [6.828967571258545, 6.821140885353088, 6.814833223819733, 6.813854396343231, 6.817541062831879, 6.810504376888275, 6.809154033660889, 6.810003697872162, 6.8099528551101685, 6.8084938526153564, 6.809004604816437, 6.806403458118439, 6.813570439815521, 7.236350417137146, 7.599141359329224, 7.768255531787872, 7.456587195396423, 7.948412775993347, 8.195664405822754, 7.190897345542908, 8.17328429222107, 7.656428217887878, 7.623048305511475, 7.8655806183815, 8.701613306999207, 8.429223537445068, 8.791700005531311, 8.824143171310425, 8.797032833099365, 8.5318523645401], "lr": [0.002, 0.002, 0.002, 0.002, 0.0014, 0.0014, 0.0014, 0.0014, 0.0014, 0.00098, 0.00098, 0.00098, 0.00098, 0.00098, 0.000686, 0.000686, 0.000686, 0.000686, 0.000686, 0.00048019999999999996, 0.00048019999999999996, 0.00048019999999999996, 0.00048019999999999996, 0.00048019999999999996, 0.00033613999999999996, 0.00033613999999999996, 0.00033613999999999996, 0.00033613999999999996, 0.00033613999999999996, 0.00023529799999999997], "train_time": ["19min 11sec"], "train_ppl": [962.53, 913.29, 907.16, 903.85, 901.83, 897.57, 902.35, 896.73, 896.66, 896.44, 893.75, 893.73, 879.45, 815.45, 782.86, 769.23, 763.26, 758.78, 753.39, 745.21, 730.9, 718.3, 707.12, 698.3, 691.44, 682.51, 678.67, 674.49, 672.54, 669.47], "valid_ppl": [924.24, 917.03, 911.26, 910.37, 913.74, 907.33, 906.1, 906.87, 906.83, 905.51, 905.97, 903.62, 910.11, 1389.02, 1996.48, 2364.34, 1731.23, 2831.08, 3625.2, 1327.29, 3544.97, 2114.19, 2044.79, 2606.02, 6012.6, 4578.94, 6579.41, 6796.36, 6614.59, 5073.84]}