{"epoch": [1, 2, 3, 4, 5, 6, 7, 8, 9, 10, 11, 12, 13, 14, 15, 16, 17, 18, 19, 20, 21, 22, 23, 24, 25, 26, 27, 28, 29, 30], "train_loss": [6.543093452047795, 5.546788572757802, 5.192136904533873, 4.935069575208299, 4.734072689299888, 4.568989749664956, 4.43099756849573, 4.3162742107472525, 4.213504495011999, 4.128424343149713, 4.047021001450559, 3.9743715225382052, 3.8965310167759024, 3.8020709961018664, 3.7201535255350966, 3.636229789003413, 3.557425972755919, 3.4811347281679192, 3.4067604663524222, 3.3394380407130466, 3.272530544565079, 3.215671234942497, 3.1588944962684145, 3.109657999809752, 3.058485675365367, 3.0151203845409635, 2.9710857787030807, 2.9323314636311633, 2.8954169263230995, 2.859965148885199], "valid_loss": [5.744128406047821, 5.2914130091667175, 4.986116826534271, 4.776868224143982, 4.603486180305481, 4.472812473773956, 4.361746430397034, 4.278029799461365, 4.213480353355408, 4.169098109006882, 4.118783950805664, 4.0748758018016815, 3.9817838072776794, 3.9151549339294434, 3.8586489856243134, 3.777904212474823, 3.733161121606827, 3.666894257068634, 3.64019575715065, 3.5818139016628265, 3.514326721429825, 3.481631487607956, 3.447725921869278, 3.421813666820526, 3.388438642024994, 3.385966032743454, 3.356614887714386, 3.3248006105422974, 3.307030111551285, 3.2859048545360565], "lr": [0.0005, 0.0005, 0.0005, 0.0005, 0.0005, 0.0005, 0.0005, 0.0005, 0.0005, 0.0005, 0.0005, 0.0005, 0.0005, 0.0005, 0.0005, 0.0005, 0.0005, 0.0005, 0.0005, 0.0005, 0.0005, 0.0005, 0.0005, 0.0005, 0.0005, 0.0005, 0.0005, 0.0005, 0.0005, 0.0005], "train_time": ["19min 14sec"], "train_ppl": [694.43, 256.41, 179.85, 139.08, 113.76, 96.45, 84.02, 74.91, 67.59, 62.08, 57.23, 53.22, 49.23, 44.79, 41.27, 37.95, 35.07, 32.5, 30.17, 28.2, 26.38, 24.92, 23.54, 22.41, 21.3, 20.39, 19.51, 18.77, 18.09, 17.46], "valid_ppl": [312.35, 198.62, 146.37, 118.73, 99.83, 87.6, 78.39, 72.1, 67.59, 64.66, 61.48, 58.84, 53.61, 50.16, 47.4, 43.72, 41.81, 39.13, 38.1, 35.94, 33.59, 32.51, 31.43, 30.62, 29.62, 29.55, 28.69, 27.79, 27.3, 26.73]}