{"epoch": [1, 2, 3, 4, 5, 6, 7, 8, 9, 10, 11, 12, 13, 14, 15, 16, 17, 18, 19, 20, 21, 22, 23, 24, 25, 26, 27, 28, 29, 30], "train_loss": [8.750350777646329, 6.896622891121722, 5.943116070361848, 5.379447565687464, 5.037622886008404, 4.830937693981414, 4.739784806839963, 4.654186350234012, 4.570413203949624, 4.470751746157382, 4.345842692192565, 4.287449986883934, 4.253868796977591, 4.211605591469623, 4.131687949566131, 4.017168799867021, 3.974900750910982, 3.9476654803499263, 3.9120876423856044, 3.8668910391787263, 3.7838340708549985, 3.7521975933237277, 3.735314019182895, 3.713790941238403, 3.6862510752170645, 3.625465964256449, 3.607098101555033, 3.597091748866629, 3.586618746087906, 3.5677806499156546], "valid_loss": [8.749339938163757, 6.531386613845825, 5.544275879859924, 5.109784126281738, 4.829742133617401, 4.826020777225494, 4.6786627769470215, 4.589869856834412, 4.4906288385391235, 4.409894406795502, 4.4109978675842285, 4.327443361282349, 4.292961239814758, 4.21093612909317, 4.112112075090408, 4.117488622665405, 4.053780138492584, 4.024542897939682, 3.9762807190418243, 3.9229625165462494, 3.9228740632534027, 3.8755913078784943, 3.8584702014923096, 3.829638123512268, 3.7965824007987976, 3.7989911139011383, 3.763776481151581, 3.7539142072200775, 3.742441236972809, 3.715708941221237], "lr": [0.0002000008, 0.00040000060000000006, 0.0006000004000000001, 0.0008000002000000001, 1e-09, 0.0001400008, 0.0002800006, 0.00042000040000000005, 0.0005600002, 1e-09, 9.80008e-05, 0.00019600059999999998, 0.00029400039999999996, 0.0003920002, 1e-09, 6.860079999999999e-05, 0.00013720059999999996, 0.00020580039999999996, 0.00027440019999999996, 1e-09, 4.802079999999999e-05, 9.604059999999998e-05, 0.00014406039999999997, 0.00019208019999999995, 1e-09, 3.3614799999999995e-05, 6.722859999999999e-05, 0.00010084239999999998, 0.00013445619999999996, 1e-09], "train_time": ["19min 12sec"], "train_ppl": [6312.9, 988.93, 381.12, 216.9, 154.1, 125.33, 114.41, 105.02, 96.58, 87.42, 77.16, 72.78, 70.38, 67.46, 62.28, 55.54, 53.24, 51.81, 50.0, 47.79, 43.98, 42.61, 41.9, 41.01, 39.9, 37.54, 36.86, 36.49, 36.11, 35.44], "valid_ppl": [6306.52, 686.35, 255.77, 165.63, 125.18, 124.71, 107.63, 98.48, 89.18, 82.26, 82.35, 75.75, 73.18, 67.42, 61.08, 61.4, 57.61, 55.95, 53.32, 50.55, 50.55, 48.21, 47.39, 46.05, 44.55, 44.66, 43.11, 42.69, 42.2, 41.09]}