{"epoch": [1, 2, 3, 4, 5, 6, 7, 8, 9, 10, 11, 12, 13, 14, 15, 16, 17, 18, 19, 20, 21, 22, 23, 24, 25, 26, 27, 28, 29, 30], "train_loss": [7.115274632230718, 6.377937465018414, 5.955194262240795, 5.7940889926666905, 5.739899006295712, 5.729056796621769, 5.721112312154567, 5.6841957437231185, 5.607429289310536, 5.502970959277863, 5.396360703732105, 5.298668814719991, 5.221940801498738, 5.172271862435848, 5.146536652585294, 5.1409036027624255, 5.1383614885046125, 5.1294461372050835, 5.1019373203845735, 5.05619651307451, 4.986995802534388, 4.9106123883673485, 4.847379972579631, 4.8004036538144375, 4.776132973204268, 4.771036756799576, 4.7705060106642705, 4.762725619052318, 4.736785915050101, 4.694229598755532], "valid_loss": [6.60925430059433, 6.051821410655975, 5.794899225234985, 5.70783144235611, 5.6898112297058105, 5.6900315284729, 5.668706595897675, 5.6092299818992615, 5.508626818656921, 5.401912271976471, 5.286870718002319, 5.208370804786682, 5.150013506412506, 5.116407513618469, 5.109748125076294, 5.109459638595581, 5.096445620059967, 5.0771371722221375, 5.036110460758209, 4.984471023082733, 4.905251443386078, 4.837208092212677, 4.78400981426239, 4.753473103046417, 4.7464465498924255, 4.747784435749054, 4.739246249198914, 4.7146400809288025, 4.672627627849579, 4.618093132972717], "lr": [9.045094521025019e-05, 6.545119521025018e-05, 3.454980478974981e-05, 9.550054789749818e-06, 1e-09, 9.550054789749816e-06, 3.4549804789749834e-05, 6.545119521025022e-05, 9.045094521025024e-05, 0.00010000000000000006, 9.045094521025027e-05, 6.545119521025023e-05, 3.4549804789749854e-05, 9.550054789749831e-06, 1e-09, 9.550054789749816e-06, 3.454980478974984e-05, 6.545119521025025e-05, 9.045094521025028e-05, 0.00010000000000000014, 9.045094521025032e-05, 6.54511952102504e-05, 3.4549804789749895e-05, 9.550054789749847e-06, 1e-09, 9.550054789749816e-06, 3.454980478974985e-05, 6.545119521025027e-05, 9.045094521025034e-05, 0.0001000000000000002], "train_time": ["19min 14sec"], "train_ppl": [1230.62, 588.71, 385.75, 328.35, 311.03, 307.68, 305.24, 294.18, 272.44, 245.42, 220.6, 200.07, 185.29, 176.31, 171.84, 170.87, 170.44, 168.92, 164.34, 156.99, 146.5, 135.72, 127.41, 121.56, 118.64, 118.04, 117.98, 117.06, 114.07, 109.31], "valid_ppl": [741.93, 424.89, 328.62, 301.22, 295.84, 295.9, 289.66, 272.93, 246.81, 221.83, 197.72, 182.8, 172.43, 166.74, 165.63, 165.58, 163.44, 160.31, 153.87, 146.13, 135.0, 126.12, 119.58, 115.99, 115.17, 115.33, 114.35, 111.57, 106.98, 101.3]}