{"epoch": [1, 2, 3, 4, 5, 6, 7, 8, 9, 10, 11, 12, 13, 14, 15, 16, 17, 18, 19, 20, 21, 22, 23, 24, 25, 26, 27, 28, 29, 30], "train_loss": [6.869247866691427, 6.816152923665149, 6.808696190854336, 6.805104838026331, 6.8021514628795865, 6.800619817287364, 6.799459331593615, 6.794875104376611, 6.760839354738276, 6.741083668647929, 6.726707695900125, 6.724458101962475, 6.712854087099116, 6.666189019223477, 6.6263386807543165, 6.615185626009677, 6.602718570384574, 6.600020063684342, 6.586128421539956, 6.578293252498545, 6.565650576733528, 6.54645161324359, 6.533599892068416, 6.524317911837963, 6.517939395092903, 6.514467653315118, 6.5109657794871225, 6.506756539040423, 6.503805986363837, 6.50003795015051], "valid_loss": [6.829767405986786, 6.8189857006073, 6.814195394515991, 6.812694430351257, 6.8102269768714905, 6.809867858886719, 6.810002565383911, 6.787588655948639, 6.779078841209412, 6.7407854199409485, 6.733784914016724, 6.729149341583252, 6.7453091740608215, 6.9624534249305725, 6.676777958869934, 6.66847687959671, 6.738689661026001, 6.712468922138214, 6.704223692417145, 6.813228964805603, 6.989816963672638, 6.861741900444031, 7.016921937465668, 6.951808929443359, 6.927657246589661, 6.937551856040955, 6.90166562795639, 6.950007498264313, 7.02652382850647, 6.965714454650879], "lr": [0.0018000000000000002, 0.0016200000000000001, 0.001458, 0.0013122000000000001, 0.00118098, 0.001062882, 0.0009565938, 0.00086093442, 0.000774840978, 0.0006973568802, 0.0006276211921800001, 0.0005648590729620001, 0.0005083731656658001, 0.0004575358490992201, 0.0004117822641892981, 0.00037060403777036834, 0.0003335436339933315, 0.0003001892705939984, 0.0002701703435345986, 0.00024315330918113872, 0.00021883797826302486, 0.00019695418043672237, 0.00017725876239305013, 0.00015953288615374513, 0.0001435795975383706, 0.00012922163778453355, 0.0001162994740060802, 0.00010466952660547218, 9.420257394492497e-05, 8.478231655043248e-05], "train_time": ["19min 12sec"], "train_ppl": [962.22, 912.47, 905.69, 902.44, 899.78, 898.4, 897.36, 893.26, 863.37, 846.48, 834.4, 832.52, 822.92, 785.4, 754.71, 746.34, 737.1, 735.11, 724.97, 719.31, 710.27, 696.77, 687.87, 681.51, 677.18, 674.83, 672.48, 669.65, 667.68, 665.17], "valid_ppl": [924.98, 915.06, 910.68, 909.32, 907.08, 906.75, 906.87, 886.77, 879.26, 846.23, 840.32, 836.44, 850.06, 1056.22, 793.76, 787.2, 844.45, 822.6, 815.84, 909.8, 1085.52, 955.03, 1115.35, 1045.04, 1020.1, 1030.24, 993.93, 1043.16, 1126.11, 1059.67]}