{"epoch": [1, 2, 3, 4, 5, 6, 7, 8, 9, 10, 11, 12, 13, 14, 15, 16, 17, 18, 19, 20, 21, 22, 23, 24, 25, 26, 27, 28, 29, 30], "train_loss": [6.478684711456299, 6.355311223293873, 6.343524841552085, 6.339864753154998, 6.337884373360492, 6.337150425606586, 6.33637110730435, 6.335129634370195, 6.334715772182383, 6.334518170864024, 6.333652092548127, 6.333151602237782, 6.333213152783983, 6.332928211130994, 6.33284993476056, 6.332338387915429, 6.331715447851952, 6.331872359742509, 6.33149348319845, 6.331804220727149, 6.331679873770856, 6.331377908016773, 6.331061976006691, 6.3311007154748795, 6.330921376005132, 6.330791300915657, 6.330393890624351, 6.330699064376506, 6.330417426089023, 6.33023671698063], "valid_loss": [6.37964653968811, 6.353616416454315, 6.348218619823456, 6.354507207870483, 6.347157776355743, 6.3467496037483215, 6.348331451416016, 6.344747364521027, 6.346547245979309, 6.345203757286072, 6.345634341239929, 6.344054996967316, 6.3449371457099915, 6.344960033893585, 6.346432089805603, 6.340570509433746, 6.340958416461945, 6.345627248287201, 6.344366014003754, 6.345086753368378, 6.34338903427124, 6.343913376331329, 6.341877222061157, 6.34349000453949, 6.345077872276306, 6.3449543714523315, 6.342517077922821, 6.343299686908722, 6.341274380683899, 6.342142581939697], "lr": [0.0005, 0.0005, 0.0005, 0.0005, 0.0005, 0.0005, 0.0005, 0.0005, 0.0005, 0.0005, 0.0005, 0.0005, 0.0005, 0.0005, 0.0005, 0.0005, 0.0005, 0.0005, 0.0005, 0.0005, 0.0005, 0.0005, 0.0005, 0.0005, 0.0005, 0.0005, 0.0005, 0.0005, 0.0005, 0.0005], "train_time": ["174min 27sec"], "train_ppl": [651.11, 575.54, 568.8, 566.72, 565.6, 565.18, 564.74, 564.04, 563.81, 563.7, 563.21, 562.93, 562.96, 562.8, 562.76, 562.47, 562.12, 562.21, 562.0, 562.17, 562.1, 561.93, 561.75, 561.77, 561.67, 561.6, 561.38, 561.55, 561.39, 561.29], "valid_ppl": [589.72, 574.57, 571.47, 575.08, 570.87, 570.63, 571.54, 569.49, 570.52, 569.75, 570.0, 569.1, 569.6, 569.61, 570.45, 567.12, 567.34, 569.99, 569.28, 569.69, 568.72, 569.02, 567.86, 568.78, 569.68, 569.61, 568.22, 568.67, 567.52, 568.01]}