{"epoch": [1, 2, 3, 4, 5, 6, 7, 8, 9, 10, 11, 12, 13, 14, 15, 16, 17, 18, 19, 20, 21, 22, 23, 24, 25, 26, 27, 28, 29, 30], "train_loss": [6.5159066826236405, 5.24273975725216, 4.797391786449281, 4.5924934668688, 4.518164985505495, 4.503529237755595, 4.491020303465722, 4.4426438230775, 4.338922391378932, 4.196177300902716, 4.037444039063307, 3.8737474811234662, 3.752325632498653, 3.674225852352932, 3.6349914872173694, 3.6258554101515448, 3.624958187472978, 3.6045794991144526, 3.5555673863919295, 3.475544347637025, 3.3833977251851084, 3.2863642486706706, 3.2025700277168845, 3.1439967092438414, 3.1102180606993284, 3.1046991841908596, 3.1017729542854076, 3.0922871266167595, 3.0601386372738473, 3.006659435280619], "valid_loss": [5.573174178600311, 4.942789137363434, 4.625192761421204, 4.508281469345093, 4.480986654758453, 4.479600191116333, 4.4522082805633545, 4.370505392551422, 4.223500847816467, 4.067239463329315, 3.886194169521332, 3.7480751872062683, 3.662191540002823, 3.606181800365448, 3.594309836626053, 3.5943076610565186, 3.582942873239517, 3.541947662830353, 3.4685398936271667, 3.3748528361320496, 3.291852116584778, 3.2020686268806458, 3.1395012736320496, 3.102928876876831, 3.093920737504959, 3.0932396352291107, 3.0835194885730743, 3.0614146888256073, 3.015613466501236, 2.9609431624412537], "lr": [9.045094521025019e-05, 6.545119521025018e-05, 3.454980478974981e-05, 9.550054789749818e-06, 1e-09, 9.550054789749816e-06, 3.4549804789749834e-05, 6.545119521025022e-05, 9.045094521025024e-05, 0.00010000000000000006, 9.045094521025027e-05, 6.545119521025023e-05, 3.4549804789749854e-05, 9.550054789749831e-06, 1e-09, 9.550054789749816e-06, 3.454980478974984e-05, 6.545119521025025e-05, 9.045094521025028e-05, 0.00010000000000000014, 9.045094521025032e-05, 6.54511952102504e-05, 3.4549804789749895e-05, 9.550054789749847e-06, 1e-09, 9.550054789749816e-06, 3.454980478974985e-05, 6.545119521025027e-05, 9.045094521025034e-05, 0.0001000000000000002], "train_time": ["8min 14sec"], "train_ppl": [675.81, 189.19, 121.19, 98.74, 91.67, 90.34, 89.21, 85.0, 76.62, 66.43, 56.68, 48.12, 42.62, 39.42, 37.9, 37.56, 37.52, 36.77, 35.01, 32.32, 29.47, 26.75, 24.6, 23.2, 22.43, 22.3, 22.24, 22.03, 21.33, 20.22], "valid_ppl": [263.27, 140.16, 102.02, 90.77, 88.32, 88.2, 85.82, 79.08, 68.27, 58.4, 48.73, 42.44, 38.95, 36.83, 36.39, 36.39, 35.98, 34.53, 32.09, 29.22, 26.89, 24.58, 23.09, 22.26, 22.06, 22.05, 21.84, 21.36, 20.4, 19.32]}