{"epoch": [1, 2, 3, 4, 5, 6, 7, 8, 9, 10, 11, 12, 13, 14, 15, 16, 17, 18, 19, 20, 21, 22, 23, 24, 25, 26, 27, 28, 29, 30], "train_loss": [5.414979333919575, 4.156948435149004, 3.7160210420381654, 3.372635076749692, 3.0468700257692043, 2.74820406846538, 2.501163735788824, 2.3185374537228487, 2.176203471448453, 2.0582094134738265, 1.967369365797169, 1.886057478215726, 1.8131625484264895, 1.7566503879782387, 1.6989753713691813, 1.6463169206081507, 1.6027660165064135, 1.5598039558805559, 1.5222621951334276, 1.4865461950260113, 1.4484986691747994, 1.4189767653721546, 1.3888386881824106, 1.360967346225016, 1.3356001576663115, 1.308031790582094, 1.2858533801486314, 1.2608320366443517, 1.242158055305481, 1.2202649250429631], "valid_loss": [4.431966841220856, 3.8510709702968597, 3.5172394812107086, 3.172813504934311, 2.8788105249404907, 2.603289306163788, 2.4290614128112793, 2.309968799352646, 2.2244129180908203, 2.1575625240802765, 2.1093040853738785, 2.0721957683563232, 2.0510438084602356, 2.02422533929348, 2.0042935758829117, 1.9929586052894592, 1.989175096154213, 1.9709433913230896, 1.9793192446231842, 1.958399385213852, 1.9594864398241043, 1.9554255902767181, 1.959573581814766, 1.9693345427513123, 1.9529730528593063, 1.9506532847881317, 1.942159280180931, 1.9525309354066849, 1.9676924794912338, 1.9669544100761414], "lr": [0.0005, 0.0005, 0.0005, 0.0005, 0.0005, 0.0005, 0.0005, 0.0005, 0.0005, 0.0005, 0.0005, 0.0005, 0.0005, 0.0005, 0.0005, 0.0005, 0.0005, 0.0005, 0.0005, 0.0005, 0.0005, 0.0005, 0.0005, 0.0005, 0.0005, 0.0005, 0.0005, 0.0005, 0.0005, 0.0005], "train_time": ["8min 11sec"], "train_ppl": [224.75, 63.88, 41.1, 29.16, 21.05, 15.61, 12.2, 10.16, 8.81, 7.83, 7.15, 6.59, 6.13, 5.79, 5.47, 5.19, 4.97, 4.76, 4.58, 4.42, 4.26, 4.13, 4.01, 3.9, 3.8, 3.7, 3.62, 3.53, 3.46, 3.39], "valid_ppl": [84.1, 47.04, 33.69, 23.87, 17.79, 13.51, 11.35, 10.07, 9.25, 8.65, 8.24, 7.94, 7.78, 7.57, 7.42, 7.34, 7.31, 7.18, 7.24, 7.09, 7.1, 7.07, 7.1, 7.17, 7.05, 7.03, 6.97, 7.05, 7.15, 7.15]}