{"epoch": [1, 2, 3, 4, 5, 6, 7, 8, 9, 10, 11, 12, 13, 14, 15, 16, 17, 18, 19, 20, 21, 22, 23, 24, 25, 26, 27, 28, 29, 30], "train_loss": [8.762376360956267, 6.010086158298711, 4.580887496208829, 3.963996022808394, 3.5137781624226845, 3.1894188242336727, 3.0490132859099806, 2.893217332562686, 2.7059774829427576, 2.5156271909302026, 2.336205185247413, 2.2498604358555463, 2.1957482220317823, 2.1482151741498368, 2.095016474765828, 1.9885883515101697, 1.9448957616537152, 1.9232565726477668, 1.9078945457147607, 1.88444108112268, 1.811936512392523, 1.788126293783146, 1.77870136788238, 1.7705689584631226, 1.758849098818943, 1.70679176221335, 1.6906798369033746, 1.6876869768823295, 1.6827164972406128, 1.6766574240991197], "valid_loss": [8.755478739738464, 5.102921009063721, 4.175310373306274, 3.670650988817215, 3.2220136523246765, 3.222449153661728, 2.9997322857379913, 2.7978188395500183, 2.5987680852413177, 2.442365914583206, 2.4437519013881683, 2.328177124261856, 2.2789233326911926, 2.2474226653575897, 2.2121481001377106, 2.210027813911438, 2.1566316038370132, 2.1409639418125153, 2.1280264854431152, 2.1251879781484604, 2.1248810589313507, 2.091146796941757, 2.089969277381897, 2.081588551402092, 2.081786662340164, 2.080447867512703, 2.0545773953199387, 2.055231288075447, 2.0470848381519318, 2.0452298372983932], "lr": [0.0002000008, 0.00040000060000000006, 0.0006000004000000001, 0.0008000002000000001, 1e-09, 0.0001400008, 0.0002800006, 0.00042000040000000005, 0.0005600002, 1e-09, 9.80008e-05, 0.00019600059999999998, 0.00029400039999999996, 0.0003920002, 1e-09, 6.860079999999999e-05, 0.00013720059999999996, 0.00020580039999999996, 0.00027440019999999996, 1e-09, 4.802079999999999e-05, 9.604059999999998e-05, 0.00014406039999999997, 0.00019208019999999995, 1e-09, 3.3614799999999995e-05, 6.722859999999999e-05, 0.00010084239999999998, 0.00013445619999999996, 1e-09], "train_time": ["8min 13sec"], "train_ppl": [6389.28, 407.52, 97.6, 52.67, 33.57, 24.27, 21.09, 18.05, 14.97, 12.37, 10.34, 9.49, 8.99, 8.57, 8.13, 7.31, 6.99, 6.84, 6.74, 6.58, 6.12, 5.98, 5.92, 5.87, 5.81, 5.51, 5.42, 5.41, 5.38, 5.35], "valid_ppl": [6345.36, 164.5, 65.06, 39.28, 25.08, 25.09, 20.08, 16.41, 13.45, 11.5, 11.52, 10.26, 9.77, 9.46, 9.14, 9.12, 8.64, 8.51, 8.4, 8.37, 8.37, 8.09, 8.08, 8.02, 8.02, 8.01, 7.8, 7.81, 7.75, 7.73]}