{"epoch": [1, 2, 3, 4, 5, 6, 7, 8, 9, 10, 11, 12, 13, 14, 15, 16, 17, 18, 19, 20, 21, 22, 23, 24, 25, 26, 27, 28, 29, 30], "train_loss": [6.284555080178551, 6.2109135846209425, 6.202710111760883, 6.198851751335917, 6.19619102309979, 6.1779753962277315, 5.916182629337395, 5.845536561789491, 5.809569615099399, 5.796677349947623, 5.786220964356141, 5.77662454512676, 5.766145073894887, 5.759756111363482, 5.752951586299005, 5.716006886066319, 5.648208679081585, 5.610591516620787, 5.589069605923959, 5.567976655413926, 5.544895968248141, 5.522426246021287, 5.502041659166109, 5.47241610052302, 5.4576729530805, 5.448471842358291, 5.438454926276522, 5.43384383743555, 5.4258969218720425, 5.41772326078709], "valid_loss": [6.24335515499115, 6.234618008136749, 6.228344619274139, 6.225232839584351, 6.2234490513801575, 6.261582911014557, 6.744136869907379, 7.417402029037476, 7.910630762577057, 7.2487832903862, 6.630470395088196, 6.7474485039711, 6.923429608345032, 6.542509078979492, 6.5615299344062805, 7.24249666929245, 7.882764279842377, 7.840369701385498, 7.596097707748413, 7.270961225032806, 7.336155533790588, 7.109835088253021, 6.955444753170013, 6.986343085765839, 7.176950216293335, 6.977407693862915, 7.227134108543396, 6.967252731323242, 7.025999128818512, 6.996190369129181], "lr": [0.0018000000000000002, 0.0016200000000000001, 0.001458, 0.0013122000000000001, 0.00118098, 0.001062882, 0.0009565938, 0.00086093442, 0.000774840978, 0.0006973568802, 0.0006276211921800001, 0.0005648590729620001, 0.0005083731656658001, 0.0004575358490992201, 0.0004117822641892981, 0.00037060403777036834, 0.0003335436339933315, 0.0003001892705939984, 0.0002701703435345986, 0.00024315330918113872, 0.00021883797826302486, 0.00019695418043672237, 0.00017725876239305013, 0.00015953288615374513, 0.0001435795975383706, 0.00012922163778453355, 0.0001162994740060802, 0.00010466952660547218, 9.420257394492497e-05, 8.478231655043248e-05], "train_time": ["8min 7sec"], "train_ppl": [536.23, 498.16, 494.09, 492.18, 490.88, 482.02, 370.99, 345.69, 333.48, 329.2, 325.78, 322.67, 319.3, 317.27, 315.12, 303.69, 283.78, 273.31, 267.49, 261.9, 255.93, 250.24, 245.19, 238.03, 234.55, 232.4, 230.09, 229.03, 227.22, 225.37], "valid_ppl": [514.58, 510.11, 506.92, 505.34, 504.44, 524.05, 849.07, 1664.7, 2726.11, 1406.39, 757.84, 851.88, 1015.8, 694.03, 707.35, 1397.58, 2651.19, 2541.14, 1990.41, 1437.93, 1534.8, 1223.95, 1048.84, 1081.76, 1308.91, 1072.14, 1376.27, 1061.3, 1125.52, 1092.46]}