{"epoch": [1, 2, 3, 4, 5, 6, 7, 8, 9, 10, 11, 12, 13, 14, 15, 16, 17, 18, 19, 20, 21, 22, 23, 24, 25, 26, 27, 28, 29, 30], "train_loss": [6.287226595017353, 6.212795347894341, 6.188064247501054, 6.065930551369285, 5.8811713735437605, 5.840288021490963, 5.823715613276948, 5.821502557410017, 5.811566861190459, 5.804517128394039, 5.788795011159082, 5.785951923168703, 5.780749970070591, 5.777632870863187, 5.774204491518668, 5.764808776620201, 5.761578717420805, 5.742157148369609, 5.704675972724276, 5.675814376528567, 5.639667807171524, 5.618974784397344, 5.603252677665408, 5.589000956077408, 5.573677378078915, 5.5535277543088934, 5.54276673909326, 5.531018605841414, 5.527703119269551, 5.519002933334149], "valid_loss": [6.245707988739014, 6.234117686748505, 6.278665244579315, 6.658159017562866, 7.477013409137726, 7.7393679022789, 6.423555076122284, 6.4647480845451355, 6.533300399780273, 6.949813723564148, 6.717587053775787, 7.359890818595886, 6.857746958732605, 7.0069950222969055, 6.8697580099105835, 7.4411755204200745, 7.349578320980072, 7.325961887836456, 6.87893545627594, 6.623829483985901, 6.737231552600861, 7.428577125072479, 7.683414280414581, 7.5632030963897705, 7.230306684970856, 7.335492432117462, 7.208344638347626, 7.351493000984192, 7.761179506778717, 7.616069436073303], "lr": [0.002, 0.002, 0.002, 0.002, 0.0014, 0.0014, 0.0014, 0.0014, 0.0014, 0.00098, 0.00098, 0.00098, 0.00098, 0.00098, 0.000686, 0.000686, 0.000686, 0.000686, 0.000686, 0.00048019999999999996, 0.00048019999999999996, 0.00048019999999999996, 0.00048019999999999996, 0.00048019999999999996, 0.00033613999999999996, 0.00033613999999999996, 0.00033613999999999996, 0.00033613999999999996, 0.00033613999999999996, 0.00023529799999999997], "train_time": ["8min 7sec"], "train_ppl": [537.66, 499.09, 486.9, 430.92, 358.23, 343.88, 338.23, 337.48, 334.14, 331.79, 326.62, 325.69, 324.0, 322.99, 321.89, 318.88, 317.85, 311.74, 300.27, 291.73, 281.37, 275.61, 271.31, 267.47, 263.4, 258.15, 255.38, 252.4, 251.57, 249.39], "valid_ppl": [515.79, 509.85, 533.08, 779.12, 1766.96, 2297.02, 616.19, 642.1, 687.66, 1042.96, 826.82, 1571.66, 951.22, 1104.33, 962.72, 1704.75, 1555.54, 1519.23, 971.59, 752.82, 843.22, 1683.41, 2172.02, 1926.0, 1380.65, 1533.78, 1350.65, 1558.52, 2347.67, 2030.57]}