{"epoch": [1, 2, 3, 4, 5, 6, 7, 8, 9, 10, 11, 12, 13, 14, 15, 16, 17, 18, 19, 20, 21, 22, 23, 24, 25, 26, 27, 28, 29, 30], "train_loss": [8.734645007519012, 7.231380117700455, 6.638286272008369, 5.740901811072167, 5.223303947042911, 4.978433201160836, 4.895038643289119, 4.816444875838909, 4.7291899681091305, 4.639361992288143, 4.524894779286486, 4.48329156307464, 4.458134237248847, 4.428966988908484, 4.395023784231633, 4.320914254289992, 4.2936487542822, 4.279966392922908, 4.268806264755574, 4.251192437841537, 4.192939821202704, 4.17936073871369, 4.1739986490696035, 4.1657322924187845, 4.155127516198665, 4.1157428700873195, 4.104541909441035, 4.102076972799098, 4.098922150185768, 4.093985221741048], "valid_loss": [8.725176930427551, 7.110757231712341, 6.155477523803711, 5.59576153755188, 5.245672225952148, 5.244952857494354, 5.117937088012695, 5.04361891746521, 4.974445998668671, 4.896964490413666, 4.8996371030807495, 4.842211425304413, 4.819052040576935, 4.809012353420258, 4.782721281051636, 4.7797088623046875, 4.7418434619903564, 4.736362814903259, 4.724857449531555, 4.704178750514984, 4.703790664672852, 4.693804979324341, 4.684863805770874, 4.679329931735992, 4.676512539386749, 4.676380276679993, 4.6654953956604, 4.659838259220123, 4.6609644293785095, 4.651867866516113], "lr": [0.0002000008, 0.00040000060000000006, 0.0006000004000000001, 0.0008000002000000001, 1e-09, 0.0001400008, 0.0002800006, 0.00042000040000000005, 0.0005600002, 1e-09, 9.80008e-05, 0.00019600059999999998, 0.00029400039999999996, 0.0003920002, 1e-09, 6.860079999999999e-05, 0.00013720059999999996, 0.00020580039999999996, 0.00027440019999999996, 1e-09, 4.802079999999999e-05, 9.604059999999998e-05, 0.00014406039999999997, 0.00019208019999999995, 1e-09, 3.3614799999999995e-05, 6.722859999999999e-05, 0.00010084239999999998, 0.00013445619999999996, 1e-09], "train_time": ["19min 39sec"], "train_ppl": [6214.53, 1382.13, 763.78, 311.35, 185.55, 145.25, 133.63, 123.53, 113.2, 103.48, 92.29, 88.53, 86.33, 83.84, 81.05, 75.26, 73.23, 72.24, 71.44, 70.19, 66.22, 65.32, 64.97, 64.44, 63.76, 61.3, 60.61, 60.47, 60.28, 59.98], "valid_ppl": [6155.97, 1225.07, 471.29, 269.28, 189.74, 189.61, 166.99, 155.03, 144.67, 133.88, 134.24, 126.75, 123.85, 122.61, 119.43, 119.07, 114.65, 114.02, 112.71, 110.41, 110.36, 109.27, 108.3, 107.7, 107.39, 107.38, 106.22, 105.62, 105.74, 104.78]}