{"epoch": [1, 2, 3, 4, 5, 6, 7, 8, 9, 10, 11, 12, 13, 14, 15, 16, 17, 18, 19, 20, 21, 22, 23, 24, 25, 26, 27, 28, 29, 30], "train_loss": [7.37677919509563, 6.810556762776477, 6.40653720815131, 6.244366475369068, 6.180335582570827, 6.165903623053368, 6.155569819186596, 6.104346457948076, 5.99887582291948, 5.868353506859313, 5.735283200284268, 5.6182399648301145, 5.525383632741076, 5.464535124758457, 5.4366679191589355, 5.429447995855453, 5.427415405435765, 5.410392130182145, 5.372749221071284, 5.3128532247340425, 5.239232176922737, 5.167162503587439, 5.10441898792348, 5.0637367999300045, 5.041245566023157, 5.036496134007231, 5.03546995812274, 5.027698531049364, 5.005842553808334, 4.968870029043644], "valid_loss": [6.994024455547333, 6.551096260547638, 6.310868799686432, 6.229398787021637, 6.206492900848389, 6.206014573574066, 6.184333682060242, 6.116138279438019, 6.014489114284515, 5.9030808210372925, 5.796608746051788, 5.711896181106567, 5.6405569314956665, 5.608291566371918, 5.5998616218566895, 5.600846350193024, 5.592188239097595, 5.568712115287781, 5.518729269504547, 5.449662506580353, 5.38707047700882, 5.3286343812942505, 5.289439797401428, 5.26276707649231, 5.258170545101166, 5.257887184619904, 5.2516984939575195, 5.236472487449646, 5.207301557064056, 5.176481664180756], "lr": [9.045094521025019e-05, 6.545119521025018e-05, 3.454980478974981e-05, 9.550054789749818e-06, 1e-09, 9.550054789749816e-06, 3.4549804789749834e-05, 6.545119521025022e-05, 9.045094521025024e-05, 0.00010000000000000006, 9.045094521025027e-05, 6.545119521025023e-05, 3.4549804789749854e-05, 9.550054789749831e-06, 1e-09, 9.550054789749816e-06, 3.454980478974984e-05, 6.545119521025025e-05, 9.045094521025028e-05, 0.00010000000000000014, 9.045094521025032e-05, 6.54511952102504e-05, 3.4549804789749895e-05, 9.550054789749847e-06, 1e-09, 9.550054789749816e-06, 3.454980478974985e-05, 6.545119521025027e-05, 9.045094521025034e-05, 0.0001000000000000002], "train_time": ["19min 38sec"], "train_ppl": [1598.43, 907.38, 605.79, 515.1, 483.15, 476.23, 471.34, 447.8, 402.98, 353.67, 309.6, 275.4, 250.98, 236.17, 229.68, 228.02, 227.56, 223.72, 215.45, 202.93, 188.53, 175.42, 164.75, 158.18, 154.66, 153.93, 153.77, 152.58, 149.28, 143.86], "valid_ppl": [1090.1, 700.01, 550.52, 507.45, 495.96, 495.72, 485.09, 453.11, 409.32, 366.16, 329.18, 302.44, 281.62, 272.68, 270.39, 270.66, 268.32, 262.1, 249.32, 232.68, 218.56, 206.16, 198.23, 193.01, 192.13, 192.08, 190.89, 188.01, 182.6, 177.06]}