{"epoch": [1, 2, 3, 4, 5, 6, 7, 8, 9, 10, 11, 12, 13, 14, 15, 16, 17, 18, 19, 20, 21, 22, 23, 24, 25, 26, 27, 28, 29, 30], "train_loss": [6.967917994235425, 5.893396909186181, 5.371598136171381, 5.048142098365946, 4.8380748992270615, 4.689570895661699, 4.572499435505969, 4.478831680784834, 4.399453126623276, 4.330860139968547, 4.2687254296972394, 4.216697897809617, 4.1671308994293215, 4.121884437317544, 4.080255219276915, 4.042472888053732, 4.003577546870455, 3.971274326202717, 3.9401284917872004, 3.910205078125, 3.8815680564718043, 3.8561542967532545, 3.828513836353383, 3.80617915315831, 3.7812828277019745, 3.7590019986984577, 3.738564578523027, 3.718666570744616, 3.699726730711917, 3.6806072387289492], "valid_loss": [6.30783998966217, 5.717718660831451, 5.3721606731414795, 5.157619535923004, 5.00059175491333, 4.910549223423004, 4.838187217712402, 4.786657810211182, 4.757357239723206, 4.717600643634796, 4.690381109714508, 4.672538936138153, 4.640126466751099, 4.614310443401337, 4.602083384990692, 4.574060440063477, 4.581517279148102, 4.562800168991089, 4.552529573440552, 4.550433993339539, 4.530133605003357, 4.53412252664566, 4.542775511741638, 4.5255749225616455, 4.51909202337265, 4.495965957641602, 4.522118985652924, 4.497529566287994, 4.502020716667175, 4.496189534664154], "lr": [0.0005, 0.0005, 0.0005, 0.0005, 0.0005, 0.0005, 0.0005, 0.0005, 0.0005, 0.0005, 0.0005, 0.0005, 0.0005, 0.0005, 0.0005, 0.0005, 0.0005, 0.0005, 0.0005, 0.0005, 0.0005, 0.0005, 0.0005, 0.0005, 0.0005, 0.0005, 0.0005, 0.0005, 0.0005, 0.0005], "train_time": ["19min 38sec"], "train_ppl": [1062.01, 362.64, 215.21, 155.73, 126.23, 108.81, 96.79, 88.13, 81.41, 76.01, 71.43, 67.81, 64.53, 61.68, 59.16, 56.97, 54.79, 53.05, 51.43, 49.91, 48.5, 47.28, 45.99, 44.98, 43.87, 42.91, 42.04, 41.21, 40.44, 39.67], "valid_ppl": [548.86, 304.21, 215.33, 173.75, 148.5, 135.71, 126.24, 119.9, 116.44, 111.9, 108.89, 106.97, 103.56, 100.92, 99.69, 96.94, 97.66, 95.85, 94.87, 94.67, 92.77, 93.14, 93.95, 92.35, 91.75, 89.65, 92.03, 89.8, 90.2, 89.67]}