{"epoch": [1, 2, 3, 4, 5, 6, 7, 8, 9, 10, 11, 12, 13, 14, 15, 16, 17, 18, 19, 20, 21, 22, 23, 24, 25, 26, 27, 28, 29, 30], "train_loss": [7.159425461545903, 7.1161857320907265, 7.110358102270897, 7.107818984985352, 7.105846912302869, 7.102146205496281, 7.101754259555898, 7.101014003347843, 7.100660027848913, 7.10055447639303, 7.098130932260067, 7.097590610828806, 7.100057206255324, 7.047292542964854, 7.012818689549223, 7.0007165949395365, 6.99588890278593, 6.9865986255889245, 6.977722756406094, 6.967428513790699, 6.948801858374413, 6.935715419688123, 6.927804843415605, 6.927211367830317, 6.920699330593678, 6.9148724454514525, 6.909068748798776, 6.9035817044846555, 6.8960910411591225, 6.8921519543262235], "valid_loss": [7.12775057554245, 7.120156526565552, 7.11388486623764, 7.115448594093323, 7.118596076965332, 7.107767701148987, 7.111121475696564, 7.109935998916626, 7.111113250255585, 7.110949277877808, 7.109562993049622, 7.1155126094818115, 7.10617858171463, 7.121832966804504, 7.159300863742828, 7.428055107593536, 7.504931569099426, 7.528987228870392, 7.619310081005096, 7.552133858203888, 7.6666542291641235, 7.454132854938507, 7.861324071884155, 7.646000862121582, 7.653022825717926, 7.43397444486618, 7.450455665588379, 7.421441376209259, 7.675299048423767, 7.4976213574409485], "lr": [0.002, 0.002, 0.002, 0.002, 0.0014, 0.0014, 0.0014, 0.0014, 0.0014, 0.00098, 0.00098, 0.00098, 0.00098, 0.00098, 0.000686, 0.000686, 0.000686, 0.000686, 0.000686, 0.00048019999999999996, 0.00048019999999999996, 0.00048019999999999996, 0.00048019999999999996, 0.00048019999999999996, 0.00033613999999999996, 0.00033613999999999996, 0.00033613999999999996, 0.00033613999999999996, 0.00033613999999999996, 0.00023529799999999997], "train_time": ["19min 35sec"], "train_ppl": [1286.17, 1231.74, 1224.59, 1221.48, 1219.07, 1214.57, 1214.1, 1213.2, 1212.77, 1212.64, 1209.7, 1209.05, 1212.04, 1149.74, 1110.78, 1097.42, 1092.13, 1082.03, 1072.47, 1061.49, 1041.9, 1028.35, 1020.25, 1019.65, 1013.03, 1007.14, 1001.31, 995.84, 988.4, 984.52], "valid_ppl": [1246.07, 1236.64, 1228.91, 1230.84, 1234.72, 1221.42, 1225.52, 1224.07, 1225.51, 1225.31, 1223.61, 1230.91, 1219.48, 1238.72, 1286.01, 1682.53, 1816.98, 1861.22, 2037.16, 1904.8, 2135.92, 1726.99, 2594.95, 2092.26, 2107.01, 1692.52, 1720.65, 1671.44, 2154.47, 1803.75]}