{"epoch": [1, 2, 3, 4, 5, 6, 7, 8, 9, 10, 11, 12, 13, 14, 15, 16, 17, 18, 19, 20, 21, 22, 23, 24, 25, 26, 27, 28, 29, 30], "train_loss": [7.160644661112035, 7.114868091015105, 7.108933266173017, 7.105700308211306, 7.103407543263537, 7.102311069407362, 7.100824205926124, 7.099955855024622, 7.09934862420914, 7.099488006754124, 7.0308627372092385, 7.009652847939349, 7.001607071085179, 6.986830855430441, 6.959264795830909, 6.8769211972013435, 6.825402340990432, 6.800338067399695, 6.781443853581205, 6.74805383682251, 6.647118680020596, 6.567292481280388, 6.449133363683173, 6.3837446922951555, 6.33922235001909, 6.3068836800595545, 6.282661588141258, 6.264335758128064, 6.248498790822131, 6.232370547030834], "valid_loss": [7.1263046860694885, 7.11873334646225, 7.118053615093231, 7.114387333393097, 7.113175809383392, 7.1090564131736755, 7.1083086133003235, 7.1086305975914, 7.106642365455627, 7.1247862577438354, 8.435664296150208, 7.560988247394562, 7.774829149246216, 7.790896654129028, 8.269951462745667, 8.62104606628418, 8.32320499420166, 7.878858685493469, 7.257727205753326, 7.2683364152908325, 7.266812384128571, 6.848362743854523, 6.889034152030945, 6.760789692401886, 6.661200404167175, 6.654629111289978, 6.604782164096832, 6.606265902519226, 6.564759194850922, 6.538687348365784], "lr": [0.0018000000000000002, 0.0016200000000000001, 0.001458, 0.0013122000000000001, 0.00118098, 0.001062882, 0.0009565938, 0.00086093442, 0.000774840978, 0.0006973568802, 0.0006276211921800001, 0.0005648590729620001, 0.0005083731656658001, 0.0004575358490992201, 0.0004117822641892981, 0.00037060403777036834, 0.0003335436339933315, 0.0003001892705939984, 0.0002701703435345986, 0.00024315330918113872, 0.00021883797826302486, 0.00019695418043672237, 0.00017725876239305013, 0.00015953288615374513, 0.0001435795975383706, 0.00012922163778453355, 0.0001162994740060802, 0.00010466952660547218, 9.420257394492497e-05, 8.478231655043248e-05], "train_time": ["19min 37sec"], "train_ppl": [1287.74, 1230.12, 1222.84, 1218.9, 1216.1, 1214.77, 1212.97, 1211.91, 1211.18, 1211.35, 1131.01, 1107.27, 1098.4, 1082.29, 1052.86, 969.64, 920.95, 898.15, 881.34, 852.4, 770.56, 711.44, 632.15, 592.14, 566.36, 548.33, 535.21, 525.49, 517.24, 508.96], "valid_ppl": [1244.27, 1234.89, 1234.05, 1229.53, 1228.04, 1222.99, 1222.08, 1222.47, 1220.04, 1242.38, 4608.53, 1921.74, 2379.94, 2418.49, 3904.76, 5547.19, 4118.34, 2640.86, 1419.03, 1434.16, 1431.98, 942.34, 981.45, 863.32, 781.49, 776.37, 738.62, 739.72, 709.64, 691.38]}