{"epoch": [1, 2, 3, 4, 5, 6, 7, 8, 9, 10, 11, 12, 13, 14, 15, 16, 17, 18, 19, 20, 21, 22, 23, 24, 25, 26, 27, 28, 29, 30], "train_loss": [5.870196752086085, 5.706349534610294, 5.69058601026493, 5.683005889606896, 5.678596811672665, 5.677217439407819, 5.675479048674327, 5.674433332182763, 5.673848887372122, 5.673343074479292, 5.672288772818275, 5.672070385601027, 5.671855699648416, 5.6712050774023925, 5.670575734277128, 5.670248073628295, 5.670082321251017, 5.669627366086985, 5.669335415709911, 5.669372151076531, 5.669389245793683, 5.669175196324151, 5.668772130285591, 5.6687905000695045, 5.668659586213233, 5.66829715006152, 5.668438556435875, 5.6681201804576995, 5.6681929306836905, 5.668148727669065], "valid_loss": [5.7427913546562195, 5.723153293132782, 5.711780488491058, 5.709750056266785, 5.708655536174774, 5.705751836299896, 5.7041526436805725, 5.702096521854401, 5.7028462290763855, 5.70285177230835, 5.701538324356079, 5.697839856147766, 5.702671110630035, 5.703182935714722, 5.7007439732551575, 5.702642261981964, 5.70299756526947, 5.699804961681366, 5.700824558734894, 5.70043021440506, 5.7026830315589905, 5.700747430324554, 5.700313985347748, 5.702960848808289, 5.699327349662781, 5.701152741909027, 5.699471712112427, 5.701040685176849, 5.699201583862305, 5.699304223060608], "lr": [0.0005, 0.0005, 0.0005, 0.0005, 0.0005, 0.0005, 0.0005, 0.0005, 0.0005, 0.0005, 0.0005, 0.0005, 0.0005, 0.0005, 0.0005, 0.0005, 0.0005, 0.0005, 0.0005, 0.0005, 0.0005, 0.0005, 0.0005, 0.0005, 0.0005, 0.0005, 0.0005, 0.0005, 0.0005, 0.0005], "train_time": ["43min 47sec"], "train_ppl": [354.32, 300.77, 296.07, 293.83, 292.54, 292.14, 291.63, 291.32, 291.15, 291.01, 290.7, 290.64, 290.57, 290.38, 290.2, 290.11, 290.06, 289.93, 289.84, 289.85, 289.86, 289.8, 289.68, 289.68, 289.65, 289.54, 289.58, 289.49, 289.51, 289.5], "valid_ppl": [311.93, 305.87, 302.41, 301.8, 301.47, 300.59, 300.11, 299.49, 299.72, 299.72, 299.33, 298.22, 299.67, 299.82, 299.09, 299.66, 299.76, 298.81, 299.11, 299.0, 299.67, 299.09, 298.96, 299.75, 298.67, 299.21, 298.71, 299.18, 298.63, 298.66]}