{"epoch": [1, 2, 3, 4, 5, 6, 7, 8, 9, 10, 11, 12, 13, 14, 15, 16, 17, 18, 19, 20, 21, 22, 23, 24, 25, 26, 27, 28, 29, 30], "train_loss": [6.720703252832941, 6.615687141012638, 6.6041442059456035, 6.6002288757486545, 6.598267819019074, 6.597218265939266, 6.596454498615671, 6.596290141978162, 6.595517028646266, 6.594878052650614, 6.594443570806625, 6.59368714880436, 6.593921746598913, 6.593275279187141, 6.593390196942268, 6.592989128193957, 6.592780687453899, 6.592548674725472, 6.592301291607796, 6.592317402616461, 6.592081380397715, 6.592144253913393, 6.59181391533385, 6.591769892104129, 6.591504608316624, 6.591855290595522, 6.591458196842924, 6.591685155097474, 6.591433590016466, 6.591927579108705], "valid_loss": [6.639256298542023, 6.637740969657898, 6.628413140773773, 6.62109237909317, 6.619763255119324, 6.6155810952186584, 6.622083842754364, 6.6191911697387695, 6.615062952041626, 6.618717133998871, 6.617279410362244, 6.618770241737366, 6.616651237010956, 6.61596417427063, 6.618025183677673, 6.618217289447784, 6.613998174667358, 6.616832077503204, 6.6145259141922, 6.617207825183868, 6.616664290428162, 6.615110695362091, 6.617502927780151, 6.616521656513214, 6.616539120674133, 6.615182280540466, 6.615912020206451, 6.618079900741577, 6.616329789161682, 6.61352151632309], "lr": [0.0005, 0.0005, 0.0005, 0.0005, 0.0005, 0.0005, 0.0005, 0.0005, 0.0005, 0.0005, 0.0005, 0.0005, 0.0005, 0.0005, 0.0005, 0.0005, 0.0005, 0.0005, 0.0005, 0.0005, 0.0005, 0.0005, 0.0005, 0.0005, 0.0005, 0.0005, 0.0005, 0.0005, 0.0005, 0.0005], "train_time": ["180min 5sec"], "train_ppl": [829.4, 746.72, 738.15, 735.26, 733.82, 733.05, 732.49, 732.37, 731.81, 731.34, 731.02, 730.47, 730.64, 730.17, 730.25, 729.96, 729.81, 729.64, 729.46, 729.47, 729.3, 729.34, 729.1, 729.07, 728.88, 729.13, 728.84, 729.01, 728.82, 729.19], "valid_ppl": [764.53, 763.37, 756.28, 750.76, 749.77, 746.64, 751.51, 749.34, 746.25, 748.98, 747.91, 749.02, 747.44, 746.92, 748.47, 748.61, 745.46, 747.57, 745.85, 747.85, 747.45, 746.29, 748.07, 747.34, 747.35, 746.34, 746.89, 748.51, 747.2, 745.1]}