{"epoch": [1, 2, 3, 4, 5, 6, 7, 8, 9, 10, 11, 12, 13, 14, 15, 16, 17, 18, 19, 20, 21, 22, 23, 24, 25, 26, 27, 28, 29, 30], "train_loss": [7.20683094795714, 7.112601746904089, 7.105775043812204, 7.103639689912187, 7.1018007968334445, 7.100453845490801, 7.100044838925625, 7.099431110950227, 7.099035605978458, 7.098334184606024, 7.0979564666748045, 7.097871165579938, 7.097406754595168, 7.097503867047898, 7.096756547562619, 7.096981290046205, 7.096764615241518, 7.096526233186113, 7.096519969372039, 7.096551195104071, 7.096248166104581, 7.095865598638007, 7.095569070856622, 7.0955881646338925, 7.095458647545348, 7.095600101795602, 7.095335806177018, 7.095237259154624, 7.095067340769666, 7.095149293858954], "valid_loss": [7.12790584564209, 7.121490716934204, 7.117871463298798, 7.110420882701874, 7.110615849494934, 7.110474646091461, 7.109338998794556, 7.109662115573883, 7.10422295331955, 7.110738039016724, 7.108442962169647, 7.10836935043335, 7.10624635219574, 7.104060769081116, 7.106025278568268, 7.105130076408386, 7.110995590686798, 7.107479512691498, 7.107928216457367, 7.106260240077972, 7.106150567531586, 7.10628342628479, 7.103151619434357, 7.1055744886398315, 7.107812166213989, 7.105735540390015, 7.107363402843475, 7.106089890003204, 7.108873248100281, 7.10313618183136], "lr": [0.0005, 0.0005, 0.0005, 0.0005, 0.0005, 0.0005, 0.0005, 0.0005, 0.0005, 0.0005, 0.0005, 0.0005, 0.0005, 0.0005, 0.0005, 0.0005, 0.0005, 0.0005, 0.0005, 0.0005, 0.0005, 0.0005, 0.0005, 0.0005, 0.0005, 0.0005, 0.0005, 0.0005, 0.0005, 0.0005], "train_time": ["179min 50sec"], "train_ppl": [1348.61, 1227.34, 1218.99, 1216.39, 1214.15, 1212.52, 1212.02, 1211.28, 1210.8, 1209.95, 1209.49, 1209.39, 1208.83, 1208.95, 1208.04, 1208.31, 1208.05, 1207.76, 1207.76, 1207.79, 1207.43, 1206.97, 1206.61, 1206.63, 1206.48, 1206.65, 1206.33, 1206.21, 1206.0, 1206.1], "valid_ppl": [1246.26, 1238.3, 1233.82, 1224.66, 1224.9, 1224.73, 1223.34, 1223.73, 1217.1, 1225.05, 1222.24, 1222.15, 1219.56, 1216.9, 1219.29, 1218.2, 1225.37, 1221.07, 1221.61, 1219.58, 1219.44, 1219.61, 1215.79, 1218.74, 1221.47, 1218.94, 1220.92, 1219.37, 1222.77, 1215.77]}