{"epoch": [1, 2, 3, 4, 5, 6, 7, 8, 9, 10, 11, 12, 13, 14, 15, 16, 17, 18, 19, 20, 21, 22, 23, 24, 25, 26, 27, 28, 29, 30], "train_loss": [5.519262521802592, 5.339272959116797, 5.326488812064285, 5.317850520432258, 5.312584049376097, 5.310621971600907, 5.3090444220320245, 5.3076320072627805, 5.30689736084791, 5.306217290231309, 5.305392481682059, 5.305006588083007, 5.30478717156969, 5.304125298487458, 5.303739016276624, 5.303402396550788, 5.303480194528722, 5.302759078105641, 5.302732139957109, 5.302333069267777, 5.302109522966561, 5.302119626872865, 5.302036169867159, 5.301778234574238, 5.301690233961601, 5.301094868109615, 5.301042216464811, 5.300883488508048, 5.300772463172543, 5.300741451952426], "valid_loss": [5.372260212898254, 5.365425705909729, 5.34417587518692, 5.348865270614624, 5.343917489051819, 5.340914249420166, 5.343008995056152, 5.34009313583374, 5.3390172123909, 5.341966152191162, 5.341247856616974, 5.338901102542877, 5.334851622581482, 5.340911030769348, 5.336256921291351, 5.339274287223816, 5.339902341365814, 5.337344229221344, 5.337481498718262, 5.337533414363861, 5.336575984954834, 5.3338000774383545, 5.337123394012451, 5.336751759052277, 5.3347561955451965, 5.335777163505554, 5.336794853210449, 5.335262596607208, 5.3368842005729675, 5.335505545139313], "lr": [0.0005, 0.0005, 0.0005, 0.0005, 0.0005, 0.0005, 0.0005, 0.0005, 0.0005, 0.0005, 0.0005, 0.0005, 0.0005, 0.0005, 0.0005, 0.0005, 0.0005, 0.0005, 0.0005, 0.0005, 0.0005, 0.0005, 0.0005, 0.0005, 0.0005, 0.0005, 0.0005, 0.0005, 0.0005, 0.0005], "train_time": ["26min 49sec"], "train_ppl": [249.45, 208.36, 205.71, 203.95, 202.87, 202.48, 202.16, 201.87, 201.72, 201.59, 201.42, 201.34, 201.3, 201.16, 201.09, 201.02, 201.04, 200.89, 200.88, 200.8, 200.76, 200.76, 200.75, 200.69, 200.68, 200.56, 200.55, 200.51, 200.49, 200.49], "valid_ppl": [215.35, 213.88, 209.39, 210.37, 209.33, 208.7, 209.14, 208.53, 208.31, 208.92, 208.77, 208.28, 207.44, 208.7, 207.73, 208.36, 208.49, 207.96, 207.99, 208.0, 207.8, 207.22, 207.91, 207.84, 207.42, 207.63, 207.85, 207.53, 207.86, 207.58]}