{"epoch": [1, 2, 3, 4, 5, 6, 7, 8, 9, 10, 11, 12, 13, 14, 15, 16, 17, 18, 19, 20, 21, 22, 23, 24, 25, 26, 27, 28, 29, 30], "train_loss": [8.736790170060827, 6.45634188144765, 5.402867325316084, 4.84687845757667, 4.565792333318832, 4.398540653066433, 4.319199785273126, 4.260084235414546, 4.191469922978827, 4.081511545181274, 3.9378031791524686, 3.879385680340706, 3.8354225158691406, 3.785049337021848, 3.715663830777432, 3.6040888492097247, 3.5643151810828675, 3.541049406376291, 3.5132708559644983, 3.4793444694356714, 3.402313037628823, 3.377528902824889, 3.3671124082930546, 3.3499585861855365, 3.3327211998878643, 3.2762539488203983, 3.2608665496745006, 3.2543183478903264, 3.2475852986599536, 3.2357548815138797], "valid_loss": [8.732261419296265, 5.952364802360535, 4.978552222251892, 4.5941935777664185, 4.398228108882904, 4.394584238529205, 4.279803156852722, 4.218343734741211, 4.123936891555786, 3.997283160686493, 3.9964960515499115, 3.9120418429374695, 3.854855924844742, 3.7927451729774475, 3.7116478979587555, 3.709184229373932, 3.6514188051223755, 3.6179657876491547, 3.5871342420578003, 3.542337030172348, 3.542360931634903, 3.514861226081848, 3.503512352705002, 3.4834834933280945, 3.4605541825294495, 3.4581863582134247, 3.4400894343852997, 3.4379179179668427, 3.4162764251232147, 3.406756430864334], "lr": [0.0002000008, 0.00040000060000000006, 0.0006000004000000001, 0.0008000002000000001, 1e-09, 0.0001400008, 0.0002800006, 0.00042000040000000005, 0.0005600002, 1e-09, 9.80008e-05, 0.00019600059999999998, 0.00029400039999999996, 0.0003920002, 1e-09, 6.860079999999999e-05, 0.00013720059999999996, 0.00020580039999999996, 0.00027440019999999996, 1e-09, 4.802079999999999e-05, 9.604059999999998e-05, 0.00014406039999999997, 0.00019208019999999995, 1e-09, 3.3614799999999995e-05, 6.722859999999999e-05, 0.00010084239999999998, 0.00013445619999999996, 1e-09], "train_time": ["19min 17sec"], "train_ppl": [6227.87, 636.73, 222.04, 127.34, 96.14, 81.33, 75.13, 70.82, 66.12, 59.23, 51.31, 48.39, 46.31, 44.04, 41.09, 36.75, 35.32, 34.5, 33.56, 32.44, 30.03, 29.3, 28.99, 28.5, 28.01, 26.48, 26.07, 25.9, 25.73, 25.43], "valid_ppl": [6199.73, 384.66, 145.26, 98.91, 81.31, 81.01, 72.23, 67.92, 61.8, 54.45, 54.41, 50.0, 47.22, 44.38, 40.92, 40.82, 38.53, 37.26, 36.13, 34.55, 34.55, 33.61, 33.23, 32.57, 31.83, 31.76, 31.19, 31.12, 30.46, 30.17]}