{"epoch": [1, 2, 3, 4, 5, 6, 7, 8, 9, 10, 11, 12, 13, 14, 15, 16, 17, 18, 19, 20, 21, 22, 23, 24, 25, 26, 27, 28, 29, 30], "train_loss": [6.765553896477882, 5.914029368948429, 5.524435116382356, 5.365296670223804, 5.307207669603064, 5.295660144724744, 5.285743368432877, 5.247044808813866, 5.166450165687723, 5.058876975039218, 4.94571909194297, 4.849953517507999, 4.77496983954247, 4.725360811517594, 4.701401550211805, 4.695961142600851, 4.693224119632802, 4.685061507529401, 4.6555822311563695, 4.605943371387238, 4.537473282915481, 4.470001581881909, 4.413845336183589, 4.3723837629277655, 4.350810440550459, 4.345425954778143, 4.345019088907445, 4.3388412658204425, 4.320435132371618, 4.28509049922862], "valid_loss": [6.15641576051712, 5.5928985476493835, 5.35283499956131, 5.268019020557404, 5.241824269294739, 5.2398518323898315, 5.223252773284912, 5.15931248664856, 5.046755850315094, 4.933590352535248, 4.823331594467163, 4.742872059345245, 4.685491859912872, 4.6610090136528015, 4.650895357131958, 4.649596095085144, 4.645870923995972, 4.621463060379028, 4.587627708911896, 4.52220219373703, 4.451302766799927, 4.3903732895851135, 4.347374379634857, 4.323609948158264, 4.316039860248566, 4.31088924407959, 4.310625910758972, 4.29907763004303, 4.268402338027954, 4.234992742538452], "lr": [9.045094521025019e-05, 6.545119521025018e-05, 3.454980478974981e-05, 9.550054789749818e-06, 1e-09, 9.550054789749816e-06, 3.4549804789749834e-05, 6.545119521025022e-05, 9.045094521025024e-05, 0.00010000000000000006, 9.045094521025027e-05, 6.545119521025023e-05, 3.4549804789749854e-05, 9.550054789749831e-06, 1e-09, 9.550054789749816e-06, 3.454980478974984e-05, 6.545119521025025e-05, 9.045094521025028e-05, 0.00010000000000000014, 9.045094521025032e-05, 6.54511952102504e-05, 3.4549804789749895e-05, 9.550054789749847e-06, 1e-09, 9.550054789749816e-06, 3.454980478974985e-05, 6.545119521025027e-05, 9.045094521025034e-05, 0.0001000000000000002], "train_time": ["19min 17sec"], "train_ppl": [867.45, 370.19, 250.74, 213.85, 201.79, 199.47, 197.5, 190.0, 175.29, 157.41, 140.57, 127.73, 118.51, 112.77, 110.1, 109.5, 109.2, 108.32, 105.17, 100.08, 93.45, 87.36, 82.59, 79.23, 77.54, 77.12, 77.09, 76.62, 75.22, 72.61], "valid_ppl": [471.73, 268.51, 211.21, 194.03, 189.01, 188.64, 185.54, 174.04, 155.52, 138.88, 124.38, 114.76, 108.36, 105.74, 104.68, 104.54, 104.15, 101.64, 98.26, 92.04, 85.74, 80.67, 77.28, 75.46, 74.89, 74.51, 74.49, 73.63, 71.41, 69.06]}