{"epoch": [1, 2, 3, 4, 5, 6, 7, 8, 9, 10, 11, 12, 13, 14, 15, 16, 17, 18, 19, 20, 21, 22, 23, 24, 25, 26, 27, 28, 29, 30], "train_loss": [6.414965071576707, 6.352993727744894, 6.346115100130122, 6.343088328584711, 6.340078063721353, 6.338841779181298, 6.337166240367484, 6.335651144068292, 6.287487941092633, 6.2126220703125, 6.182767843692861, 6.17574564548249, 6.158647011696024, 6.142902329627503, 6.124618199531068, 6.111286993229643, 6.095027517765127, 6.02310525204273, 5.9783248597003045, 5.965600021849287, 5.9578472015705515, 5.950737165897451, 5.942050653822879, 5.932055515938617, 5.924632800893581, 5.915663737439095, 5.906081430962745, 5.899130788762519, 5.892327704328172, 5.885018500875919], "valid_loss": [6.36088103055954, 6.35485976934433, 6.351966202259064, 6.347294867038727, 6.346476256847382, 6.345958948135376, 6.3470253348350525, 6.34361606836319, 8.7832852602005, 8.02621191740036, 7.566325426101685, 7.412914931774139, 7.696948289871216, 9.054964661598206, 9.145641207695007, 9.48853850364685, 8.436395645141602, 8.952799558639526, 8.556329488754272, 8.874149322509766, 8.814018487930298, 8.705179929733276, 8.679540157318115, 7.984319865703583, 6.763862192630768, 6.462877035140991, 6.378491759300232, 6.218637824058533, 6.2067049741744995, 6.2021947503089905], "lr": [0.0018000000000000002, 0.0016200000000000001, 0.001458, 0.0013122000000000001, 0.00118098, 0.001062882, 0.0009565938, 0.00086093442, 0.000774840978, 0.0006973568802, 0.0006276211921800001, 0.0005648590729620001, 0.0005083731656658001, 0.0004575358490992201, 0.0004117822641892981, 0.00037060403777036834, 0.0003335436339933315, 0.0003001892705939984, 0.0002701703435345986, 0.00024315330918113872, 0.00021883797826302486, 0.00019695418043672237, 0.00017725876239305013, 0.00015953288615374513, 0.0001435795975383706, 0.00012922163778453355, 0.0001162994740060802, 0.00010466952660547218, 9.420257394492497e-05, 8.478231655043248e-05], "train_time": ["19min 13sec"], "train_ppl": [610.92, 574.21, 570.27, 568.55, 566.84, 566.14, 565.19, 564.34, 537.8, 499.01, 484.33, 480.94, 472.79, 465.4, 456.97, 450.92, 443.65, 412.86, 394.78, 389.79, 386.78, 384.04, 380.71, 376.93, 374.14, 370.8, 367.26, 364.72, 362.25, 359.61], "valid_ppl": [578.76, 575.28, 573.62, 570.95, 570.48, 570.18, 570.79, 568.85, 6524.28, 3060.13, 1932.03, 1657.25, 2201.62, 8560.93, 9373.49, 13207.48, 4611.9, 7729.5, 5199.56, 7144.87, 6727.9, 6034.09, 5881.34, 2934.58, 865.98, 640.9, 589.04, 502.02, 496.06, 493.83]}