{"epoch": [1, 2, 3, 4, 5, 6, 7, 8, 9, 10, 11, 12, 13, 14, 15, 16, 17, 18, 19, 20, 21, 22, 23, 24, 25, 26, 27, 28, 29, 30], "train_loss": [6.41601886952177, 6.354953930225778, 6.3485395695300815, 6.3449375822189005, 6.346105137277156, 6.338868534818609, 6.338027741046662, 6.338213571589044, 6.337396386329164, 6.3370884651833395, 6.333838136145409, 6.324432291883103, 6.305947208404541, 6.291038929147923, 6.224826995362627, 6.184886818743767, 6.165140864189635, 6.1490368295223155, 6.135039479681786, 6.122807385059113, 6.111963339054838, 6.106376075744629, 6.1007948246408015, 6.09577133503366, 6.089804138021266, 6.081414090826156, 6.077230423054797, 6.0736945355192145, 6.070402861656027, 6.064061450958252], "valid_loss": [6.362998604774475, 6.3604236245155334, 6.352404892444611, 6.352123856544495, 6.349390685558319, 6.3464542627334595, 6.343680202960968, 6.349680781364441, 6.345795452594757, 6.3468576073646545, 6.342784225940704, 6.3914443254470825, 6.380105555057526, 6.650303602218628, 7.320540189743042, 6.689930260181427, 6.43308961391449, 6.728514015674591, 6.621082544326782, 6.741394340991974, 6.843206763267517, 6.921824038028717, 7.247647702693939, 6.89358377456665, 6.862829327583313, 6.8066635727882385, 7.158814430236816, 6.795624554157257, 6.83879029750824, 7.078386068344116], "lr": [0.002, 0.002, 0.002, 0.002, 0.0014, 0.0014, 0.0014, 0.0014, 0.0014, 0.00098, 0.00098, 0.00098, 0.00098, 0.00098, 0.000686, 0.000686, 0.000686, 0.000686, 0.000686, 0.00048019999999999996, 0.00048019999999999996, 0.00048019999999999996, 0.00048019999999999996, 0.00048019999999999996, 0.00033613999999999996, 0.00033613999999999996, 0.00033613999999999996, 0.00033613999999999996, 0.00033613999999999996, 0.00023529799999999997], "train_time": ["19min 16sec"], "train_ppl": [611.56, 575.34, 571.66, 569.6, 570.27, 566.16, 565.68, 565.78, 565.32, 565.15, 563.31, 558.04, 547.82, 539.71, 505.14, 485.36, 475.87, 468.27, 461.76, 456.14, 451.22, 448.71, 446.21, 443.98, 441.33, 437.65, 435.82, 434.28, 432.86, 430.12], "valid_ppl": [579.98, 578.49, 573.87, 573.71, 572.14, 570.47, 568.89, 572.31, 570.09, 570.7, 568.38, 596.72, 589.99, 773.02, 1511.02, 804.27, 622.09, 835.9, 750.76, 846.74, 937.49, 1014.17, 1404.8, 985.93, 956.07, 903.85, 1285.39, 893.93, 933.36, 1186.05]}