{"epoch": [1, 2, 3, 4, 5, 6, 7, 8, 9, 10, 11, 12, 13, 14, 15, 16, 17, 18, 19, 20, 21, 22, 23, 24, 25, 26, 27, 28, 29, 30], "train_loss": [6.0892903591724155, 5.039777023234266, 4.70192360776536, 4.504543367345282, 4.3585206985473635, 4.244140233384802, 4.14110047360684, 4.0549420478496145, 3.9735691912630773, 3.904265336787447, 3.827864310081969, 3.7356610917030495, 3.6554313203121755, 3.56376436416139, 3.469370859227282, 3.378476702913325, 3.2931090354919434, 3.219035977505623, 3.150709055839701, 3.087581353491925, 3.0314740312860367, 2.9765807669213475, 2.928981206772175, 2.8826781922198355, 2.8428486438507727, 2.8019900798797606, 2.7635868924729365, 2.729141464639217, 2.6995474338531493, 2.664565911191575], "valid_loss": [5.270694673061371, 4.764400005340576, 4.52220231294632, 4.392559051513672, 4.270055711269379, 4.1870445013046265, 4.110149443149567, 4.058387100696564, 4.020196080207825, 3.9777241349220276, 3.8973640501499176, 3.8358563780784607, 3.760919451713562, 3.673547863960266, 3.5802751779556274, 3.5082680881023407, 3.454196959733963, 3.3986332416534424, 3.3622061014175415, 3.3453258275985718, 3.2864712178707123, 3.2522027492523193, 3.2266785502433777, 3.20382884144783, 3.1760157346725464, 3.1586950719356537, 3.129481852054596, 3.1251985132694244, 3.1061786711215973, 3.098208397626877], "lr": [0.0005, 0.0005, 0.0005, 0.0005, 0.0005, 0.0005, 0.0005, 0.0005, 0.0005, 0.0005, 0.0005, 0.0005, 0.0005, 0.0005, 0.0005, 0.0005, 0.0005, 0.0005, 0.0005, 0.0005, 0.0005, 0.0005, 0.0005, 0.0005, 0.0005, 0.0005, 0.0005, 0.0005, 0.0005, 0.0005], "train_time": ["19min 19sec"], "train_ppl": [441.11, 154.44, 110.16, 90.43, 78.14, 69.7, 62.87, 57.68, 53.17, 49.61, 45.96, 41.92, 38.68, 35.3, 32.12, 29.33, 26.93, 25.0, 23.35, 21.92, 20.73, 19.62, 18.71, 17.86, 17.16, 16.48, 15.86, 15.32, 14.87, 14.36], "valid_ppl": [194.55, 117.26, 92.04, 80.85, 71.53, 65.83, 60.96, 57.88, 55.71, 53.4, 49.27, 46.33, 42.99, 39.39, 35.88, 33.39, 31.63, 29.92, 28.85, 28.37, 26.75, 25.85, 25.2, 24.63, 23.95, 23.54, 22.86, 22.76, 22.34, 22.16]}