{"epoch": [1, 2, 3, 4, 5, 6, 7, 8, 9, 10, 11, 12, 13, 14, 15, 16, 17, 18, 19, 20, 21, 22, 23, 24, 25, 26, 27, 28, 29, 30], "train_loss": [6.692856959079174, 6.607491217268274, 6.601992511749268, 6.59984158252148, 6.59789358910094, 6.5970703388782255, 6.596176248915652, 6.595572544666047, 6.595703514586104, 6.594678574420036, 6.594436509558495, 6.593552283023266, 6.593863913353453, 6.593465042114258, 6.592975013814074, 6.592922139675059, 6.5930363472471845, 6.5926524426074735, 6.592481144438398, 6.592646544030372, 6.591996026546397, 6.59209081365707, 6.591659537782061, 6.591968428834956, 6.592099258747506, 6.592041378832878, 6.591467697062391, 6.591462863759792, 6.5914270827110775, 6.591342311209821], "valid_loss": [6.627718448638916, 6.62251216173172, 6.620629549026489, 6.6171435713768005, 6.618865609169006, 6.622975826263428, 6.620098888874054, 6.618286609649658, 6.615614116191864, 6.616043984889984, 6.6167391538619995, 6.617810606956482, 6.6174715757369995, 6.617926180362701, 6.6183013916015625, 6.616925656795502, 6.613961756229401, 6.613750576972961, 6.617378532886505, 6.614399254322052, 6.614546895027161, 6.615027904510498, 6.615484118461609, 6.614837348461151, 6.616191923618317, 6.614616572856903, 6.616629421710968, 6.6151697635650635, 6.613907158374786, 6.614665687084198], "lr": [0.0005, 0.0005, 0.0005, 0.0005, 0.0005, 0.0005, 0.0005, 0.0005, 0.0005, 0.0005, 0.0005, 0.0005, 0.0005, 0.0005, 0.0005, 0.0005, 0.0005, 0.0005, 0.0005, 0.0005, 0.0005, 0.0005, 0.0005, 0.0005, 0.0005, 0.0005, 0.0005, 0.0005, 0.0005, 0.0005], "train_time": ["51min 52sec"], "train_ppl": [806.62, 740.62, 736.56, 734.98, 733.55, 732.94, 732.29, 731.85, 731.94, 731.19, 731.02, 730.37, 730.6, 730.31, 729.95, 729.91, 729.99, 729.71, 729.59, 729.71, 729.23, 729.3, 728.99, 729.21, 729.31, 729.27, 728.85, 728.85, 728.82, 728.76], "valid_ppl": [755.76, 751.83, 750.42, 747.81, 749.09, 752.18, 750.02, 748.66, 746.66, 746.98, 747.5, 748.3, 748.05, 748.39, 748.67, 747.64, 745.43, 745.27, 747.98, 745.76, 745.87, 746.23, 746.57, 746.08, 747.09, 745.92, 747.42, 746.33, 745.39, 745.96]}