{"epoch": [1, 2, 3, 4, 5, 6, 7, 8, 9, 10, 11, 12, 13, 14, 15, 16, 17, 18, 19, 20, 21, 22, 23, 24, 25, 26, 27, 28, 29, 30], "train_loss": [8.760699095705007, 5.456188981228463, 3.9513169668844617, 3.3565790327635106, 2.9509402382216265, 2.6596535607056473, 2.5259336679517435, 2.392740258036206, 2.248240683047257, 2.0994581293954724, 1.950121947322123, 1.8754541606104846, 1.8335367724758938, 1.7978848681050776, 1.7575312863362518, 1.6637580315972216, 1.6267937941698252, 1.6093117250744993, 1.5962138548821605, 1.577511237581396, 1.5191165187810487, 1.4937340000127382, 1.4855012568083104, 1.4806043240467357, 1.4717297874358257, 1.4284771659825868, 1.4114390118006568, 1.4076070712001314, 1.4043052385557064, 1.4001922502391664], "valid_loss": [8.75676679611206, 4.384088516235352, 3.5536464154720306, 3.0845505595207214, 2.682921200990677, 2.6845249831676483, 2.4640128016471863, 2.2982030510902405, 2.155667707324028, 2.0387978851795197, 2.0369376093149185, 1.935813546180725, 1.9145234674215317, 1.8782898932695389, 1.8472170680761337, 1.849704071879387, 1.806824952363968, 1.7981914281845093, 1.7847357392311096, 1.7741769552230835, 1.7748283594846725, 1.7545466274023056, 1.7509677410125732, 1.7432193160057068, 1.745883360505104, 1.748974546790123, 1.730157122015953, 1.7269736677408218, 1.7299798280000687, 1.727067232131958], "lr": [0.0002000008, 0.00040000060000000006, 0.0006000004000000001, 0.0008000002000000001, 1e-09, 0.0001400008, 0.0002800006, 0.00042000040000000005, 0.0005600002, 1e-09, 9.80008e-05, 0.00019600059999999998, 0.00029400039999999996, 0.0003920002, 1e-09, 6.860079999999999e-05, 0.00013720059999999996, 0.00020580039999999996, 0.00027440019999999996, 1e-09, 4.802079999999999e-05, 9.604059999999998e-05, 0.00014406039999999997, 0.00019208019999999995, 1e-09, 3.3614799999999995e-05, 6.722859999999999e-05, 0.00010084239999999998, 0.00013445619999999996, 1e-09], "train_time": ["8min 41sec"], "train_ppl": [6378.57, 234.2, 52.0, 28.69, 19.12, 14.29, 12.5, 10.94, 9.47, 8.16, 7.03, 6.52, 6.26, 6.04, 5.8, 5.28, 5.09, 5.0, 4.93, 4.84, 4.57, 4.45, 4.42, 4.4, 4.36, 4.17, 4.1, 4.09, 4.07, 4.06], "valid_ppl": [6353.54, 80.17, 34.94, 21.86, 14.63, 14.65, 11.75, 9.96, 8.63, 7.68, 7.67, 6.93, 6.78, 6.54, 6.34, 6.36, 6.09, 6.04, 5.96, 5.9, 5.9, 5.78, 5.76, 5.72, 5.73, 5.75, 5.64, 5.62, 5.64, 5.62]}