{"epoch": [1, 2, 3, 4, 5, 6, 7, 8, 9, 10, 11, 12, 13, 14, 15, 16, 17, 18, 19, 20, 21, 22, 23, 24, 25, 26, 27, 28, 29, 30], "train_loss": [4.894006366771748, 3.5939820632010306, 3.178306983956156, 2.8991724972157753, 2.6353791159155087, 2.3823249361063414, 2.1620384533499832, 1.9916998011425202, 1.8613710114609303, 1.7576866333705212, 1.6751384047159539, 1.606702200116565, 1.5452616571854916, 1.495107574609933, 1.4451463710894143, 1.4029350884685432, 1.3665745100785982, 1.3307700771592261, 1.300321256011593, 1.266800044391649, 1.239765272266539, 1.2137557430939527, 1.1877068654030956, 1.1649123577294371, 1.1422005048932482, 1.1202737111352088, 1.0998643557930834, 1.083228506443259, 1.063426059773315, 1.0465227809246416], "valid_loss": [3.8774271607398987, 3.2825358510017395, 2.9854840636253357, 2.751697212457657, 2.516340732574463, 2.257084935903549, 2.072335794568062, 1.9663314372301102, 1.900431677699089, 1.82988703250885, 1.790047526359558, 1.7657512426376343, 1.7463859170675278, 1.7275708764791489, 1.7242070734500885, 1.6997524052858353, 1.6978236138820648, 1.6892347484827042, 1.676724910736084, 1.686978042125702, 1.6712371557950974, 1.677986517548561, 1.6763003468513489, 1.6939316987991333, 1.6961914151906967, 1.6831244975328445, 1.6970699280500412, 1.6995672136545181, 1.697634905576706, 1.7013548612594604], "lr": [0.0005, 0.0005, 0.0005, 0.0005, 0.0005, 0.0005, 0.0005, 0.0005, 0.0005, 0.0005, 0.0005, 0.0005, 0.0005, 0.0005, 0.0005, 0.0005, 0.0005, 0.0005, 0.0005, 0.0005, 0.0005, 0.0005, 0.0005, 0.0005, 0.0005, 0.0005, 0.0005, 0.0005, 0.0005, 0.0005], "train_time": ["8min 40sec"], "train_ppl": [133.49, 36.38, 24.01, 18.16, 13.95, 10.83, 8.69, 7.33, 6.43, 5.8, 5.34, 4.99, 4.69, 4.46, 4.24, 4.07, 3.92, 3.78, 3.67, 3.55, 3.45, 3.37, 3.28, 3.21, 3.13, 3.07, 3.0, 2.95, 2.9, 2.85], "valid_ppl": [48.3, 26.64, 19.8, 15.67, 12.38, 9.56, 7.94, 7.14, 6.69, 6.23, 5.99, 5.85, 5.73, 5.63, 5.61, 5.47, 5.46, 5.42, 5.35, 5.4, 5.32, 5.35, 5.35, 5.44, 5.45, 5.38, 5.46, 5.47, 5.46, 5.48]}