{"epoch": [1, 2, 3, 4, 5, 6, 7, 8, 9, 10, 11, 12, 13, 14, 15, 16, 17, 18, 19, 20, 21, 22, 23, 24, 25, 26, 27, 28, 29, 30], "train_loss": [5.773784456799209, 5.696329137827331, 5.689393203163987, 5.685872138859417, 5.591050547125056, 5.382931812219158, 5.347532576926479, 5.3334263936013375, 5.323037811312907, 5.3061859975302275, 5.268727422285711, 5.227420040164225, 5.197082807314028, 5.177109720423358, 5.156154880439657, 5.130483413057705, 5.1159009681399175, 5.10414103999537, 5.088392984499491, 5.075425853813273, 5.053923277077696, 5.044448304281361, 5.036588212992126, 5.022497067892604, 5.0089773144490914, 4.9897475557705375, 4.973641000655254, 4.956991498165719, 4.9395212013815994, 4.92354234199692], "valid_loss": [5.717982590198517, 5.714754939079285, 5.708611369132996, 5.706828057765961, 7.097106218338013, 5.855682969093323, 6.078475177288055, 5.938174843788147, 5.90461540222168, 7.587950766086578, 6.584535300731659, 7.1635114550590515, 6.5283631682395935, 6.837314784526825, 6.21595025062561, 6.5947296023368835, 6.015702784061432, 6.3499515652656555, 6.885582447052002, 6.986038386821747, 6.6027660965919495, 6.480609059333801, 6.9831263422966, 6.6216742396354675, 7.284748435020447, 7.386691927909851, 6.875120580196381, 6.973883032798767, 6.9819247126579285, 6.7636255621910095], "lr": [0.002, 0.002, 0.002, 0.002, 0.0014, 0.0014, 0.0014, 0.0014, 0.0014, 0.00098, 0.00098, 0.00098, 0.00098, 0.00098, 0.000686, 0.000686, 0.000686, 0.000686, 0.000686, 0.00048019999999999996, 0.00048019999999999996, 0.00048019999999999996, 0.00048019999999999996, 0.00048019999999999996, 0.00033613999999999996, 0.00033613999999999996, 0.00033613999999999996, 0.00033613999999999996, 0.00033613999999999996, 0.00023529799999999997], "train_time": ["8min 36sec"], "train_ppl": [321.75, 297.77, 295.71, 294.67, 268.02, 217.66, 210.09, 207.15, 205.01, 201.58, 194.17, 186.31, 180.74, 177.17, 173.5, 169.1, 166.65, 164.7, 162.13, 160.04, 156.64, 155.16, 153.94, 151.79, 149.75, 146.9, 144.55, 142.17, 139.7, 137.49], "valid_ppl": [304.29, 303.31, 301.45, 300.92, 1208.46, 349.21, 436.36, 379.24, 366.73, 1974.26, 723.81, 1291.44, 684.28, 931.98, 500.67, 731.23, 409.81, 572.46, 978.07, 1081.43, 737.13, 652.37, 1078.28, 751.2, 1457.89, 1614.36, 967.89, 1068.36, 1076.99, 865.78]}