{"epoch": [1, 2, 3, 4, 5, 6, 7, 8, 9, 10, 11, 12, 13, 14, 15, 16, 17, 18, 19, 20, 21, 22, 23, 24, 25, 26, 27, 28, 29, 30], "train_loss": [6.106051369385573, 4.546130846250425, 4.160459818819021, 3.9860086955688074, 3.915088940296929, 3.8997596213470995, 3.8884242505228994, 3.8396834077288924, 3.738900288611257, 3.602620935650124, 3.458319734371706, 3.315478572761435, 3.1889070330212297, 3.1101009331085607, 3.0743478163748588, 3.0641759544742264, 3.0612351358724585, 3.043622155546617, 2.9999527815680147, 2.930240284503819, 2.8412697220688874, 2.7518100024319954, 2.6758697652606713, 2.6233594007954197, 2.594863354897184, 2.5852602420924518, 2.5851068801291714, 2.574990363898256, 2.548418476718113, 2.5031491943392985], "valid_loss": [4.8768715262413025, 4.269397675991058, 4.008334010839462, 3.9000110626220703, 3.868567019701004, 3.8685567677021027, 3.83826544880867, 3.760013371706009, 3.6293035745620728, 3.4641987681388855, 3.3292803168296814, 3.168419599533081, 3.082986980676651, 3.0350764095783234, 3.0186721086502075, 3.020388185977936, 3.007914900779724, 2.9789904952049255, 2.9150543212890625, 2.83643114566803, 2.7411220967769623, 2.665332704782486, 2.606885105371475, 2.5755941569805145, 2.562407374382019, 2.561970353126526, 2.556530624628067, 2.534703016281128, 2.4945302307605743, 2.442181557416916], "lr": [9.045094521025019e-05, 6.545119521025018e-05, 3.454980478974981e-05, 9.550054789749818e-06, 1e-09, 9.550054789749816e-06, 3.4549804789749834e-05, 6.545119521025022e-05, 9.045094521025024e-05, 0.00010000000000000006, 9.045094521025027e-05, 6.545119521025023e-05, 3.4549804789749854e-05, 9.550054789749831e-06, 1e-09, 9.550054789749816e-06, 3.454980478974984e-05, 6.545119521025025e-05, 9.045094521025028e-05, 0.00010000000000000014, 9.045094521025032e-05, 6.54511952102504e-05, 3.4549804789749895e-05, 9.550054789749847e-06, 1e-09, 9.550054789749816e-06, 3.454980478974985e-05, 6.545119521025027e-05, 9.045094521025034e-05, 0.0001000000000000002], "train_time": ["8min 42sec"], "train_ppl": [448.56, 94.27, 64.1, 53.84, 50.15, 49.39, 48.83, 46.51, 42.05, 36.69, 31.76, 27.54, 24.26, 22.42, 21.64, 21.42, 21.35, 20.98, 20.08, 18.73, 17.14, 15.67, 14.52, 13.78, 13.39, 13.27, 13.26, 13.13, 12.79, 12.22], "valid_ppl": [131.22, 71.48, 55.06, 49.4, 47.87, 47.87, 46.44, 42.95, 37.69, 31.95, 27.92, 23.77, 21.82, 20.8, 20.46, 20.5, 20.25, 19.67, 18.45, 17.05, 15.5, 14.37, 13.56, 13.14, 12.97, 12.96, 12.89, 12.61, 12.12, 11.5]}