{"epoch": [1, 2, 3, 4, 5, 6, 7, 8, 9, 10, 11, 12, 13, 14, 15, 16, 17, 18, 19, 20, 21, 22, 23, 24, 25, 26, 27, 28, 29, 30], "train_loss": [5.77352175523531, 5.692770170220195, 5.68625502229262, 5.672289001784136, 5.600079393596901, 5.403358757758456, 5.345404748874614, 5.315335637147206, 5.273876009533584, 5.205560333403197, 5.164718552307936, 5.122156975027748, 4.921727726638054, 4.794939830964882, 4.7444471094576794, 4.666588075360537, 4.596831330118725, 4.526385378732555, 4.470264808722004, 4.429039291348226, 4.391258180929175, 4.352859589496898, 4.326303868566841, 4.304301413145359, 4.2851177102143545, 4.266892378550794, 4.248549507578039, 4.223800514237996, 4.200914849268708, 4.183199956028472], "valid_loss": [5.723045587539673, 5.715288400650024, 5.706462919712067, 5.757008254528046, 7.525371730327606, 10.107067108154297, 9.05244243144989, 9.079087734222412, 9.779897570610046, 9.986560940742493, 6.118390321731567, 8.316241383552551, 5.605033695697784, 5.279840409755707, 5.1392951011657715, 5.1681824922561646, 4.8799973130226135, 4.800284206867218, 4.861814081668854, 4.848174631595612, 4.719548225402832, 4.714637994766235, 4.668565571308136, 4.708700120449066, 4.702885210514069, 4.67380028963089, 4.707717657089233, 4.5424924492836, 4.450040221214294, 4.4662392139434814], "lr": [0.0018000000000000002, 0.0016200000000000001, 0.001458, 0.0013122000000000001, 0.00118098, 0.001062882, 0.0009565938, 0.00086093442, 0.000774840978, 0.0006973568802, 0.0006276211921800001, 0.0005648590729620001, 0.0005083731656658001, 0.0004575358490992201, 0.0004117822641892981, 0.00037060403777036834, 0.0003335436339933315, 0.0003001892705939984, 0.0002701703435345986, 0.00024315330918113872, 0.00021883797826302486, 0.00019695418043672237, 0.00017725876239305013, 0.00015953288615374513, 0.0001435795975383706, 0.00012922163778453355, 0.0001162994740060802, 0.00010466952660547218, 9.420257394492497e-05, 8.478231655043248e-05], "train_time": ["8min 38sec"], "train_ppl": [321.67, 296.71, 294.79, 290.7, 270.45, 222.15, 209.64, 203.43, 195.17, 182.28, 174.99, 167.7, 137.24, 120.9, 114.94, 106.33, 99.17, 92.42, 87.38, 83.85, 80.74, 77.7, 75.66, 74.02, 72.61, 71.3, 70.0, 68.29, 66.75, 65.58], "valid_ppl": [305.83, 303.47, 300.81, 316.4, 1854.5, 24515.65, 8539.37, 8769.96, 17674.84, 21732.43, 454.13, 4089.76, 271.79, 196.34, 170.6, 175.6, 131.63, 121.54, 129.26, 127.51, 112.12, 111.57, 106.54, 110.91, 110.26, 107.1, 110.8, 93.92, 85.63, 87.03]}