{"epoch": [1, 2, 3, 4, 5, 6, 7, 8, 9, 10, 11, 12, 13, 14, 15, 16, 17, 18, 19, 20, 21, 22, 23, 24, 25, 26, 27, 28, 29, 30], "train_loss": [6.546349066876351, 5.38265153397905, 4.95197695265425, 4.743535559228126, 4.598428259504602, 4.485246607597838, 4.391373632309285, 4.310464469422685, 4.242998037946985, 4.18234906298049, 4.127664150075709, 4.075423689091459, 4.029532156599329, 3.9859929023905005, 3.9461868397732998, 3.909008754567897, 3.874606977625096, 3.8403983400223103, 3.811765081324476, 3.780047102177397, 3.7521838472244586, 3.7257837153495625, 3.7002835243306262, 3.676418455610884, 3.6559161815237493, 3.632126367853043, 3.6114865333475965, 3.5921488396664882, 3.5717626389036785, 3.551849084204816], "valid_loss": [5.863031029701233, 5.244360387325287, 5.036881864070892, 4.9127161502838135, 4.807084679603577, 4.753062188625336, 4.679079949855804, 4.6381919384002686, 4.604360818862915, 4.570925772190094, 4.546051323413849, 4.535049557685852, 4.504819333553314, 4.5004037618637085, 4.482327878475189, 4.457719326019287, 4.442004561424255, 4.453990817070007, 4.433834075927734, 4.433628022670746, 4.420563042163849, 4.414018392562866, 4.412923991680145, 4.409805595874786, 4.407524466514587, 4.3956228494644165, 4.396194934844971, 4.39007568359375, 4.390220403671265, 4.395331382751465], "lr": [0.0005, 0.0005, 0.0005, 0.0005, 0.0005, 0.0005, 0.0005, 0.0005, 0.0005, 0.0005, 0.0005, 0.0005, 0.0005, 0.0005, 0.0005, 0.0005, 0.0005, 0.0005, 0.0005, 0.0005, 0.0005, 0.0005, 0.0005, 0.0005, 0.0005, 0.0005, 0.0005, 0.0005, 0.0005, 0.0005], "train_time": ["19min 40sec"], "train_ppl": [696.7, 217.6, 141.45, 114.84, 99.33, 88.7, 80.75, 74.48, 69.62, 65.52, 62.03, 58.88, 56.23, 53.84, 51.74, 49.85, 48.16, 46.54, 45.23, 43.82, 42.61, 41.5, 40.46, 39.5, 38.7, 37.79, 37.02, 36.31, 35.58, 34.88], "valid_ppl": [351.79, 189.49, 153.99, 136.01, 122.37, 115.94, 107.67, 103.36, 99.92, 96.63, 94.26, 93.23, 90.45, 90.05, 88.44, 86.29, 84.95, 85.97, 84.25, 84.24, 83.14, 82.6, 82.51, 82.25, 82.07, 81.1, 81.14, 80.65, 80.66, 81.07]}