{"epoch": [1, 2, 3, 4, 5, 6, 7, 8, 9, 10, 11, 12, 13, 14, 15, 16, 17, 18, 19, 20, 21, 22, 23, 24, 25, 26, 27, 28, 29, 30], "train_loss": [8.79627525248426, 6.777987433494405, 6.266718909080993, 5.3186751061297475, 4.893617252593345, 4.70811245897983, 4.638074659793935, 4.576701777032081, 4.514611021001288, 4.446175003051758, 4.342900501413548, 4.305781879830867, 4.282581406451286, 4.261823713018539, 4.2320851062206515, 4.162531349506784, 4.138119610319746, 4.125447192090623, 4.114886405620169, 4.101326626919685, 4.048285934772897, 4.0317618420783505, 4.028018035279944, 4.022300297148684, 4.010071404436801, 3.972674625477892, 3.9640831744417233, 3.9601340953339923, 3.9569582898566065, 3.9513844753833527], "valid_loss": [8.801753640174866, 6.61458945274353, 5.783690392971039, 5.198322653770447, 4.972757279872894, 4.972205340862274, 4.875504732131958, 4.821528375148773, 4.763918697834015, 4.720399796962738, 4.723069727420807, 4.670617640018463, 4.655909597873688, 4.632938086986542, 4.616451442241669, 4.611907422542572, 4.5856839418411255, 4.570568740367889, 4.5653016567230225, 4.5543133020401, 4.554148435592651, 4.535159885883331, 4.528311014175415, 4.528845191001892, 4.519556879997253, 4.5182271003723145, 4.507793843746185, 4.506590902805328, 4.505268216133118, 4.502601444721222], "lr": [0.0002000008, 0.00040000060000000006, 0.0006000004000000001, 0.0008000002000000001, 1e-09, 0.0001400008, 0.0002800006, 0.00042000040000000005, 0.0005600002, 1e-09, 9.80008e-05, 0.00019600059999999998, 0.00029400039999999996, 0.0003920002, 1e-09, 6.860079999999999e-05, 0.00013720059999999996, 0.00020580039999999996, 0.00027440019999999996, 1e-09, 4.802079999999999e-05, 9.604059999999998e-05, 0.00014406039999999997, 0.00019208019999999995, 1e-09, 3.3614799999999995e-05, 6.722859999999999e-05, 0.00010084239999999998, 0.00013445619999999996, 1e-09], "train_time": ["19min 44sec"], "train_ppl": [6609.58, 878.3, 526.75, 204.11, 133.44, 110.84, 103.35, 97.19, 91.34, 85.3, 76.93, 74.13, 72.43, 70.94, 68.86, 64.23, 62.68, 61.9, 61.25, 60.42, 57.3, 56.36, 56.15, 55.83, 55.15, 53.13, 52.67, 52.46, 52.3, 52.01], "valid_ppl": [6645.89, 745.9, 324.96, 180.97, 144.42, 144.34, 131.04, 124.15, 117.2, 112.21, 112.51, 106.76, 105.2, 102.82, 101.13, 100.68, 98.07, 96.6, 96.09, 95.04, 95.03, 93.24, 92.6, 92.65, 91.79, 91.67, 90.72, 90.61, 90.49, 90.25]}