{"epoch": [1, 2, 3, 4, 5, 6, 7, 8, 9, 10, 11, 12, 13, 14, 15, 16, 17, 18, 19, 20, 21, 22, 23, 24, 25, 26, 27, 28, 29, 30], "train_loss": [6.666890020573393, 6.612615053704444, 6.60637312949972, 6.6028360285657515, 6.600823122389773, 6.598459637418706, 6.537400127979035, 6.504651181241299, 6.493385057246432, 6.457316552831771, 6.394104904824115, 6.388071297584696, 6.387951524206932, 6.382859185401429, 6.379428212186124, 6.3728891230644065, 6.356578325718007, 6.337203827310116, 6.2500592333205205, 6.19564154604648, 6.169122809552132, 6.134455001100581, 6.098884787458054, 6.075710156623353, 6.052468661044506, 6.027432319965769, 6.0049761305464076, 5.987958059919642, 5.971410637713493, 5.958036398380361], "valid_loss": [6.64156973361969, 6.624567329883575, 6.6243896484375, 6.616699576377869, 6.622507095336914, 6.631663024425507, 8.068501591682434, 7.211354315280914, 7.235148012638092, 7.74084997177124, 7.322981417179108, 7.410567283630371, 7.342064619064331, 7.440531969070435, 7.329451024532318, 7.605058372020721, 7.102007508277893, 7.2291117906570435, 6.645658314228058, 6.592159032821655, 6.730808734893799, 6.673000335693359, 6.604894936084747, 6.591082811355591, 6.624502599239349, 6.52278608083725, 6.487354815006256, 6.479680359363556, 6.494104743003845, 6.430756688117981], "lr": [0.0018000000000000002, 0.0016200000000000001, 0.001458, 0.0013122000000000001, 0.00118098, 0.001062882, 0.0009565938, 0.00086093442, 0.000774840978, 0.0006973568802, 0.0006276211921800001, 0.0005648590729620001, 0.0005083731656658001, 0.0004575358490992201, 0.0004117822641892981, 0.00037060403777036834, 0.0003335436339933315, 0.0003001892705939984, 0.0002701703435345986, 0.00024315330918113872, 0.00021883797826302486, 0.00019695418043672237, 0.00017725876239305013, 0.00015953288615374513, 0.0001435795975383706, 0.00012922163778453355, 0.0001162994740060802, 0.00010466952660547218, 9.420257394492497e-05, 8.478231655043248e-05], "train_time": ["19min 38sec"], "train_ppl": [785.95, 744.43, 739.8, 737.18, 735.7, 733.96, 690.49, 668.24, 660.76, 637.35, 598.31, 594.71, 594.64, 591.62, 589.59, 585.75, 576.27, 565.21, 518.04, 490.61, 477.77, 461.49, 445.36, 435.16, 425.16, 414.65, 405.44, 398.6, 392.06, 386.85], "valid_ppl": [766.3, 753.38, 753.24, 747.47, 751.83, 758.74, 3192.31, 1354.73, 1387.35, 2300.43, 1514.71, 1653.36, 1543.9, 1703.66, 1524.54, 2008.33, 1214.4, 1379.0, 769.44, 729.35, 837.82, 790.76, 738.7, 728.57, 753.33, 680.47, 656.78, 651.76, 661.23, 620.64]}