{"epoch": [1, 2, 3, 4, 5, 6, 7, 8, 9, 10, 11, 12, 13, 14, 15, 16, 17, 18, 19, 20, 21, 22, 23, 24, 25, 26, 27, 28, 29, 30], "train_loss": [6.668542151755475, 6.614429755921059, 6.608161370297696, 6.605429821826042, 6.603163321474765, 6.598617048466459, 6.598125514578312, 6.596731995521708, 6.5375790636590185, 6.5167319257208645, 6.503424309669657, 6.4986673192775, 6.494925870286657, 6.4911267645815585, 6.487543246086608, 6.473995756595693, 6.469112487549477, 6.458928282717441, 6.44765776370434, 6.439740641573642, 6.431190482606279, 6.423329320867011, 6.416374953249668, 6.409210986279427, 6.404556110057425, 6.397832720330421, 6.392624499950003, 6.3887042045593265, 6.385840923228162, 6.381200252695287], "valid_loss": [6.635244250297546, 6.6314738392829895, 6.622920751571655, 6.628802061080933, 6.619790971279144, 6.6232346296310425, 6.615800976753235, 6.627506732940674, 6.674816310405731, 6.849902033805847, 6.8880003690719604, 7.681497037410736, 6.83543461561203, 7.063074469566345, 7.0693060755729675, 7.266971111297607, 8.798188924789429, 8.594623804092407, 7.379476487636566, 7.3525949120521545, 7.182522356510162, 7.107833206653595, 7.1082082986831665, 7.406623363494873, 7.2708523869514465, 7.350460052490234, 7.412981629371643, 7.303695738315582, 7.217350602149963, 6.99650251865387], "lr": [0.002, 0.002, 0.002, 0.002, 0.0014, 0.0014, 0.0014, 0.0014, 0.0014, 0.00098, 0.00098, 0.00098, 0.00098, 0.00098, 0.000686, 0.000686, 0.000686, 0.000686, 0.000686, 0.00048019999999999996, 0.00048019999999999996, 0.00048019999999999996, 0.00048019999999999996, 0.00048019999999999996, 0.00033613999999999996, 0.00033613999999999996, 0.00033613999999999996, 0.00033613999999999996, 0.00033613999999999996, 0.00023529799999999997], "train_time": ["19min 37sec"], "train_ppl": [787.25, 745.78, 741.12, 739.1, 737.42, 734.08, 733.72, 732.7, 690.61, 676.36, 667.42, 664.26, 661.78, 659.27, 656.91, 648.07, 644.91, 638.38, 631.22, 626.24, 620.91, 616.05, 611.78, 607.41, 604.59, 600.54, 597.42, 595.08, 593.38, 590.64], "valid_ppl": [761.47, 758.6, 752.14, 756.58, 749.79, 752.37, 746.8, 755.6, 792.2, 943.79, 980.44, 2167.86, 930.23, 1168.03, 1175.33, 1432.21, 6622.24, 5402.54, 1602.75, 1560.24, 1316.22, 1221.5, 1221.96, 1646.86, 1437.78, 1556.91, 1657.36, 1485.78, 1362.87, 1092.8]}