{"epoch": [1, 2, 3, 4, 5, 6, 7, 8, 9, 10, 11, 12, 13, 14, 15, 16, 17, 18, 19, 20, 21, 22, 23, 24, 25, 26, 27, 28, 29, 30], "train_loss": [6.995029161331502, 6.242479413620969, 5.840330576389394, 5.681180272203811, 5.620714163272939, 5.607715411896401, 5.59847452285442, 5.553499631678805, 5.461074526766513, 5.335694495667803, 5.209318751477181, 5.10274223571128, 5.025333102205966, 4.976832164602077, 4.954620602790346, 4.948392997904027, 4.9470112496234, 4.935646308736598, 4.909951806575694, 4.868698247950128, 4.8188267261423965, 4.769411770840908, 4.727784268399502, 4.6971242823499315, 4.680941275332836, 4.677378897971296, 4.676068050303358, 4.673390577194539, 4.660620196322177, 4.638140337517921], "valid_loss": [6.4909345507621765, 5.988230466842651, 5.770074486732483, 5.688955366611481, 5.67079883813858, 5.670470774173737, 5.649479031562805, 5.589616119861603, 5.493626534938812, 5.383428633213043, 5.283945083618164, 5.2107574343681335, 5.1627015471458435, 5.140415549278259, 5.134595990180969, 5.13242119550705, 5.126424729824066, 5.111193895339966, 5.079329490661621, 5.0404322147369385, 5.000613808631897, 4.973990976810455, 4.944491267204285, 4.931899726390839, 4.92051488161087, 4.925418317317963, 4.924147367477417, 4.916389167308807, 4.901250183582306, 4.889300525188446], "lr": [9.045094521025019e-05, 6.545119521025018e-05, 3.454980478974981e-05, 9.550054789749818e-06, 1e-09, 9.550054789749816e-06, 3.4549804789749834e-05, 6.545119521025022e-05, 9.045094521025024e-05, 0.00010000000000000006, 9.045094521025027e-05, 6.545119521025023e-05, 3.4549804789749854e-05, 9.550054789749831e-06, 1e-09, 9.550054789749816e-06, 3.454980478974984e-05, 6.545119521025025e-05, 9.045094521025028e-05, 0.00010000000000000014, 9.045094521025032e-05, 6.54511952102504e-05, 3.4549804789749895e-05, 9.550054789749847e-06, 1e-09, 9.550054789749816e-06, 3.454980478974985e-05, 6.545119521025027e-05, 9.045094521025034e-05, 0.0001000000000000002], "train_time": ["19min 39sec"], "train_ppl": [1091.2, 514.13, 343.89, 293.3, 276.09, 272.52, 270.01, 258.14, 235.35, 207.62, 182.97, 164.47, 152.22, 145.01, 141.83, 140.95, 140.75, 139.16, 135.63, 130.15, 123.82, 117.85, 113.04, 109.63, 107.87, 107.49, 107.35, 107.06, 105.7, 103.35], "valid_ppl": [659.14, 398.71, 320.56, 295.58, 290.27, 290.17, 284.14, 267.63, 243.14, 217.77, 197.15, 183.23, 174.64, 170.79, 169.8, 169.43, 168.41, 165.87, 160.67, 154.54, 148.5, 144.6, 140.4, 138.64, 137.07, 137.75, 137.57, 136.51, 134.46, 132.86]}