{"epoch": [1, 2, 3, 4, 5, 6, 7, 8, 9, 10, 11, 12, 13, 14, 15, 16, 17, 18, 19, 20, 21, 22, 23, 24, 25, 26, 27, 28, 29, 30], "train_loss": [5.55919277921636, 5.430826578748987, 5.4251736316275085, 5.422563183561285, 5.420862090333979, 5.419101366083673, 5.4187884452495165, 5.417884546645144, 5.4168970189196, 5.41624041212366, 5.415323835738162, 5.414909011759656, 5.414928227282585, 5.414625175963057, 5.414095980055789, 5.414211216378719, 5.413900351017079, 5.413895420317954, 5.41303912426563, 5.413048478390309, 5.413206354100653, 5.413168610917761, 5.412651628129026, 5.412615236322931, 5.412459641314568, 5.412257105238894, 5.412083727248172, 5.412059150858128, 5.411516136818744, 5.411554831646859], "valid_loss": [5.41821813583374, 5.412196576595306, 5.412477612495422, 5.409246265888214, 5.406158924102783, 5.4048203229904175, 5.405569434165955, 5.401684284210205, 5.402971863746643, 5.405368864536285, 5.4029823541641235, 5.4014676213264465, 5.403988182544708, 5.400988578796387, 5.403703093528748, 5.402563512325287, 5.402135610580444, 5.397588610649109, 5.403333961963654, 5.401831865310669, 5.4031102657318115, 5.399547696113586, 5.401452541351318, 5.39924955368042, 5.400435745716095, 5.398138463497162, 5.398831307888031, 5.40019029378891, 5.397890269756317, 5.4002270102500916], "lr": [0.0005, 0.0005, 0.0005, 0.0005, 0.0005, 0.0005, 0.0005, 0.0005, 0.0005, 0.0005, 0.0005, 0.0005, 0.0005, 0.0005, 0.0005, 0.0005, 0.0005, 0.0005, 0.0005, 0.0005, 0.0005, 0.0005, 0.0005, 0.0005, 0.0005, 0.0005, 0.0005, 0.0005, 0.0005, 0.0005], "train_time": ["39min 39sec"], "train_ppl": [259.61, 228.34, 227.05, 226.46, 226.07, 225.68, 225.61, 225.4, 225.18, 225.03, 224.83, 224.73, 224.74, 224.67, 224.55, 224.58, 224.51, 224.5, 224.31, 224.31, 224.35, 224.34, 224.23, 224.22, 224.18, 224.14, 224.1, 224.09, 223.97, 223.98], "valid_ppl": [225.48, 224.12, 224.19, 223.46, 222.77, 222.48, 222.64, 221.78, 222.07, 222.6, 222.07, 221.73, 222.29, 221.63, 222.23, 221.97, 221.88, 220.87, 222.15, 221.81, 222.1, 221.31, 221.73, 221.24, 221.5, 220.99, 221.15, 221.45, 220.94, 221.46]}