{"epoch": [1, 2, 3, 4, 5, 6, 7, 8, 9, 10, 11, 12, 13, 14, 15, 16, 17, 18, 19, 20, 21, 22, 23, 24, 25, 26, 27, 28, 29, 30], "train_loss": [5.494906358515963, 5.360840505234739, 5.357456878905601, 5.354460760887633, 5.3529619176337055, 5.352298342927973, 5.350866196003366, 5.35077127497247, 5.349528633280003, 5.349283867693962, 5.348986205648869, 5.34844134513368, 5.34807074526523, 5.347714176583797, 5.347361282592124, 5.346709882452132, 5.347158722167319, 5.346993931303633, 5.3468661227124805, 5.346283119282824, 5.346689343959727, 5.346152045878958, 5.346126201304983, 5.346107777128828, 5.344948188294755, 5.346030797349646, 5.345798744039333, 5.345053009276694, 5.345706773311534, 5.345461664808558], "valid_loss": [5.156627953052521, 5.161997377872467, 5.163147687911987, 5.153566122055054, 5.160149872303009, 5.162898659706116, 5.1630619168281555, 5.153214812278748, 5.159297585487366, 5.160480260848999, 5.157516181468964, 5.156115293502808, 5.15017157793045, 5.158484876155853, 5.1533098220825195, 5.164794325828552, 5.150251090526581, 5.159766435623169, 5.153903484344482, 5.150851011276245, 5.1546801924705505, 5.152107059955597, 5.1522844433784485, 5.156498372554779, 5.153469026088715, 5.15623152256012, 5.153336703777313, 5.148958206176758, 5.156243026256561, 5.155710995197296], "lr": [0.0005, 0.0005, 0.0005, 0.0005, 0.0005, 0.0005, 0.0005, 0.0005, 0.0005, 0.0005, 0.0005, 0.0005, 0.0005, 0.0005, 0.0005, 0.0005, 0.0005, 0.0005, 0.0005, 0.0005, 0.0005, 0.0005, 0.0005, 0.0005, 0.0005, 0.0005, 0.0005, 0.0005, 0.0005, 0.0005], "train_time": ["42min 51sec"], "train_ppl": [243.45, 212.9, 212.18, 211.55, 211.23, 211.09, 210.79, 210.77, 210.51, 210.46, 210.39, 210.28, 210.2, 210.13, 210.05, 209.92, 210.01, 209.98, 209.95, 209.83, 209.91, 209.8, 209.79, 209.79, 209.55, 209.77, 209.73, 209.57, 209.71, 209.65], "valid_ppl": [173.58, 174.51, 174.71, 173.05, 174.19, 174.67, 174.7, 172.99, 174.04, 174.25, 173.73, 173.49, 172.46, 173.9, 173.0, 175.0, 172.47, 174.12, 173.11, 172.58, 173.24, 172.8, 172.83, 173.56, 173.03, 173.51, 173.01, 172.25, 173.51, 173.42]}