{"epoch": [1, 2, 3, 4, 5, 6, 7, 8, 9, 10, 11, 12, 13, 14, 15, 16, 17, 18, 19, 20, 21, 22, 23, 24, 25, 26, 27, 28, 29, 30], "train_loss": [6.369282995551694, 6.226871753054043, 6.206722732157434, 6.197542661087104, 6.194280546667292, 6.191897169608902, 6.190489542116678, 6.189705640734029, 6.18862042448069, 6.187640616547169, 6.186872612537266, 6.187307002785973, 6.186342111243025, 6.186046451198897, 6.185818846530326, 6.185250983889407, 6.184997184686199, 6.184608730450601, 6.184801166803301, 6.184327484752639, 6.184139982719254, 6.184111801013022, 6.183676990643472, 6.183247782585379, 6.183329189401366, 6.183366825927196, 6.183501600694026, 6.183173706878124, 6.183008177164893, 6.182573394103197], "valid_loss": [6.273018538951874, 6.243577599525452, 6.234291195869446, 6.232784152030945, 6.229826092720032, 6.227659523487091, 6.226977348327637, 6.2249510288238525, 6.224603891372681, 6.220548689365387, 6.225143611431122, 6.220337867736816, 6.220451056957245, 6.2239444851875305, 6.219420433044434, 6.220254361629486, 6.217997312545776, 6.216280162334442, 6.221070408821106, 6.220558762550354, 6.220683217048645, 6.21790611743927, 6.220775663852692, 6.218170881271362, 6.218295931816101, 6.220536410808563, 6.22044038772583, 6.216747522354126, 6.221670210361481, 6.219705820083618], "lr": [0.0005, 0.0005, 0.0005, 0.0005, 0.0005, 0.0005, 0.0005, 0.0005, 0.0005, 0.0005, 0.0005, 0.0005, 0.0005, 0.0005, 0.0005, 0.0005, 0.0005, 0.0005, 0.0005, 0.0005, 0.0005, 0.0005, 0.0005, 0.0005, 0.0005, 0.0005, 0.0005, 0.0005, 0.0005, 0.0005], "train_time": ["39min 15sec"], "train_ppl": [583.64, 506.17, 496.07, 491.54, 489.94, 488.77, 488.08, 487.7, 487.17, 486.7, 486.32, 486.53, 486.06, 485.92, 485.81, 485.53, 485.41, 485.22, 485.32, 485.09, 485.0, 484.98, 484.77, 484.56, 484.6, 484.62, 484.69, 484.53, 484.45, 484.24], "valid_ppl": [530.08, 514.7, 509.94, 509.17, 507.67, 506.57, 506.22, 505.2, 505.02, 502.98, 505.3, 502.87, 502.93, 504.69, 502.41, 502.83, 501.7, 500.84, 503.24, 502.98, 503.05, 501.65, 503.09, 501.78, 501.85, 502.97, 502.92, 501.07, 503.54, 502.56]}